case_id,label,left_cc,left_mlo,right_cc,right_mlo
13052302,B,images/13052302/left_cc.jpg,images/13052302/left_mlo.jpg,images/13052302/right_cc.jpg,images/13052302/right_mlo.jpg
13052403,B,images/13052403/left_cc.jpg,images/13052403/left_mlo.jpg,images/13052403/right_cc.jpg,images/13052403/right_mlo.jpg
13052404,D,images/13052404/left_cc.jpg,images/13052404/left_mlo.jpg,images/13052404/right_cc.jpg,images/13052404/right_mlo.jpg
13053127,A,images/13053127/left_cc.jpg,images/13053127/left_mlo.jpg,images/13053127/right_cc.jpg,images/13053127/right_mlo.jpg
13053210,D,images/13053210/left_cc.jpg,images/13053210/left_mlo.jpg,images/13053210/right_cc.jpg,images/13053210/right_mlo.jpg
13053817,C,images/13053817/left_cc.jpg,images/13053817/left_mlo.jpg,images/13053817/right_cc.jpg,images/13053817/right_mlo.jpg
13054927,A,images/13054927/left_cc.jpg,images/13054927/left_mlo.jpg,images/13054927/right_cc.jpg,images/13054927/right_mlo.jpg
13054956,B,images/13054956/left_cc.jpg,images/13054956/left_mlo.jpg,images/13054956/right_cc.jpg,images/13054956/right_mlo.jpg
13055346,C,images/13055346/left_cc.jpg,images/13055346/left_mlo.jpg,images/13055346/right_cc.jpg,images/13055346/right_mlo.jpg
13055519,D,images/13055519/left_cc.jpg,images/13055519/left_mlo.jpg,images/13055519/right_cc.jpg,images/13055519/right_mlo.jpg
13059614,C,images/13059614/left_cc.jpg,images/13059614/left_mlo.jpg,images/13059614/right_cc.jpg,images/13059614/right_mlo.jpg
13064504,B,images/13064504/left_cc.jpg,images/13064504/left_mlo.jpg,images/13064504/right_cc.jpg,images/13064504/right_mlo.jpg
13065876,C,images/13065876/left_cc.jpg,images/13065876/left_mlo.jpg,images/13065876/right_cc.jpg,images/13065876/right_mlo.jpg
13069914,B,images/13069914/left_cc.jpg,images/13069914/left_mlo.jpg,images/13069914/right_cc.jpg,images/13069914/right_mlo.jpg
13073162,C,images/13073162/left_cc.jpg,images/13073162/left_mlo.jpg,images/13073162/right_cc.jpg,images/13073162/right_mlo.jpg
13073457,B,images/13073457/left_cc.jpg,images/13073457/left_mlo.jpg,images/13073457/right_cc.jpg,images/13073457/right_mlo.jpg
13074729,D,images/13074729/left_cc.jpg,images/13074729/left_mlo.jpg,images/13074729/right_cc.jpg,images/13074729/right_mlo.jpg
13075395,C,images/13075395/left_cc.jpg,images/13075395/left_mlo.jpg,images/13075395/right_cc.jpg,images/13075395/right_mlo.jpg
13079687,D,images/13079687/left_cc.jpg,images/13079687/left_mlo.jpg,images/13079687/right_cc.jpg,images/13079687/right_mlo.jpg
13086819,B,images/13086819/left_cc.jpg,images/13086819/left_mlo.jpg,images/13086819/right_cc.jpg,images/13086819/right_mlo.jpg
13096473,C,images/13096473/left_cc.jpg,images/13096473/left_mlo.jpg,images/13096473/right_cc.jpg,images/13096473/right_mlo.jpg
13104177,A,images/13104177/left_cc.jpg,images/13104177/left_mlo.jpg,images/13104177/right_cc.jpg,images/13104177/right_mlo.jpg
13105852,B,images/13105852/left_cc.jpg,images/13105852/left_mlo.jpg,images/13105852/right_cc.jpg,images/13105852/right_mlo.jpg
13112716,B,images/13112716/left_cc.jpg,images/13112716/left_mlo.jpg,images/13112716/right_cc.jpg,images/13112716/right_mlo.jpg
13120933,B,images/13120933/left_cc.jpg,images/13120933/left_mlo.jpg,images/13120933/right_cc.jpg,images/13120933/right_mlo.jpg
13134770,B,images/13134770/left_cc.jpg,images/13134770/left_mlo.jpg,images/13134770/right_cc.jpg,images/13134770/right_mlo.jpg
13137101,B,images/13137101/left_cc.jpg,images/13137101/left_mlo.jpg,images/13137101/right_cc.jpg,images/13137101/right_mlo.jpg
13148712,C,images/13148712/left_cc.jpg,images/13148712/left_mlo.jpg,images/13148712/right_cc.jpg,images/13148712/right_mlo.jpg
13151133,D,images/13151133/left_cc.jpg,images/13151133/left_mlo.jpg,images/13151133/right_cc.jpg,images/13151133/right_mlo.jpg
13154125,C,images/13154125/left_cc.jpg,images/13154125/left_mlo.jpg,images/13154125/right_cc.jpg,images/13154125/right_mlo.jpg
13157722,B,images/13157722/left_cc.jpg,images/13157722/left_mlo.jpg,images/13157722/right_cc.jpg,images/13157722/right_mlo.jpg
13159562,C,images/13159562/left_cc.jpg,images/13159562/left_mlo.jpg,images/13159562/right_cc.jpg,images/13159562/right_mlo.jpg
13159665,D,images/13159665/left_cc.jpg,images/13159665/left_mlo.jpg,images/13159665/right_cc.jpg,images/13159665/right_mlo.jpg
13175479,B,images/13175479/left_cc.jpg,images/13175479/left_mlo.jpg,images/13175479/right_cc.jpg,images/13175479/right_mlo.jpg
13179668,D,images/13179668/left_cc.jpg,images/13179668/left_mlo.jpg,images/13179668/right_cc.jpg,images/13179668/right_mlo.jpg
13182252,C,images/13182252/left_cc.jpg,images/13182252/left_mlo.jpg,images/13182252/right_cc.jpg,images/13182252/right_mlo.jpg
13183146,D,images/13183146/left_cc.jpg,images/13183146/left_mlo.jpg,images/13183146/right_cc.jpg,images/13183146/right_mlo.jpg
13184180,C,images/13184180/left_cc.jpg,images/13184180/left_mlo.jpg,images/13184180/right_cc.jpg,images/13184180/right_mlo.jpg
13186336,B,images/13186336/left_cc.jpg,images/13186336/left_mlo.jpg,images/13186336/right_cc.jpg,images/13186336/right_mlo.jpg
13195033,C,images/13195033/left_cc.jpg,images/13195033/left_mlo.jpg,images/13195033/right_cc.jpg,images/13195033/right_mlo.jpg
13208397,C,images/13208397/left_cc.jpg,images/13208397/left_mlo.jpg,images/13208397/right_cc.jpg,images/13208397/right_mlo.jpg
13703279,C,images/13703279/left_cc.jpg,images/13703279/left_mlo.jpg,images/13703279/right_cc.jpg,images/13703279/right_mlo.jpg
13726587,A,images/13726587/left_cc.jpg,images/13726587/left_mlo.jpg,images/13726587/right_cc.jpg,images/13726587/right_mlo.jpg
14010110,C,images/14010110/left_cc.jpg,images/14010110/left_mlo.jpg,images/14010110/right_cc.jpg,images/14010110/right_mlo.jpg
14014204,C,images/14014204/left_cc.jpg,images/14014204/left_mlo.jpg,images/14014204/right_cc.jpg,images/14014204/right_mlo.jpg
14018810,D,images/14018810/left_cc.jpg,images/14018810/left_mlo.jpg,images/14018810/right_cc.jpg,images/14018810/right_mlo.jpg
14028615,C,images/14028615/left_cc.jpg,images/14028615/left_mlo.jpg,images/14028615/right_cc.jpg,images/14028615/right_mlo.jpg
14034781,B,images/14034781/left_cc.jpg,images/14034781/left_mlo.jpg,images/14034781/right_cc.jpg,images/14034781/right_mlo.jpg
14036344,B,images/14036344/left_cc.jpg,images/14036344/left_mlo.jpg,images/14036344/right_cc.jpg,images/14036344/right_mlo.jpg
14039004,D,images/14039004/left_cc.jpg,images/14039004/left_mlo.jpg,images/14039004/right_cc.jpg,images/14039004/right_mlo.jpg
14044896,B,images/14044896/left_cc.jpg,images/14044896/left_mlo.jpg,images/14044896/right_cc.jpg,images/14044896/right_mlo.jpg
14057075,B,images/14057075/left_cc.jpg,images/14057075/left_mlo.jpg,images/14057075/right_cc.jpg,images/14057075/right_mlo.jpg
14065120,C,images/14065120/left_cc.jpg,images/14065120/left_mlo.jpg,images/14065120/right_cc.jpg,images/14065120/right_mlo.jpg
14075318,C,images/14075318/left_cc.jpg,images/14075318/left_mlo.jpg,images/14075318/right_cc.jpg,images/14075318/right_mlo.jpg
14095254,C,images/14095254/left_cc.jpg,images/14095254/left_mlo.jpg,images/14095254/right_cc.jpg,images/14095254/right_mlo.jpg
14104314,D,images/14104314/left_cc.jpg,images/14104314/left_mlo.jpg,images/14104314/right_cc.jpg,images/14104314/right_mlo.jpg
14129795,B,images/14129795/left_cc.jpg,images/14129795/left_mlo.jpg,images/14129795/right_cc.jpg,images/14129795/right_mlo.jpg
14131528,A,images/14131528/left_cc.jpg,images/14131528/left_mlo.jpg,images/14131528/right_cc.jpg,images/14131528/right_mlo.jpg
14136789,C,images/14136789/left_cc.jpg,images/14136789/left_mlo.jpg,images/14136789/right_cc.jpg,images/14136789/right_mlo.jpg
14139801,B,images/14139801/left_cc.jpg,images/14139801/left_mlo.jpg,images/14139801/right_cc.jpg,images/14139801/right_mlo.jpg
14142847,B,images/14142847/left_cc.jpg,images/14142847/left_mlo.jpg,images/14142847/right_cc.jpg,images/14142847/right_mlo.jpg
14147282,C,images/14147282/left_cc.jpg,images/14147282/left_mlo.jpg,images/14147282/right_cc.jpg,images/14147282/right_mlo.jpg
14151614,C,images/14151614/left_cc.jpg,images/14151614/left_mlo.jpg,images/14151614/right_cc.jpg,images/14151614/right_mlo.jpg
14159214,D,images/14159214/left_cc.jpg,images/14159214/left_mlo.jpg,images/14159214/right_cc.jpg,images/14159214/right_mlo.jpg
14162791,D,images/14162791/left_cc.jpg,images/14162791/left_mlo.jpg,images/14162791/right_cc.jpg,images/14162791/right_mlo.jpg
14171890,D,images/14171890/left_cc.jpg,images/14171890/left_mlo.jpg,images/14171890/right_cc.jpg,images/14171890/right_mlo.jpg
14172095,C,images/14172095/left_cc.jpg,images/14172095/left_mlo.jpg,images/14172095/right_cc.jpg,images/14172095/right_mlo.jpg
14174564,B,images/14174564/left_cc.jpg,images/14174564/left_mlo.jpg,images/14174564/right_cc.jpg,images/14174564/right_mlo.jpg
14184127,C,images/14184127/left_cc.jpg,images/14184127/left_mlo.jpg,images/14184127/right_cc.jpg,images/14184127/right_mlo.jpg
14189227,D,images/14189227/left_cc.jpg,images/14189227/left_mlo.jpg,images/14189227/right_cc.jpg,images/14189227/right_mlo.jpg
14191242,C,images/14191242/left_cc.jpg,images/14191242/left_mlo.jpg,images/14191242/right_cc.jpg,images/14191242/right_mlo.jpg
14197999,D,images/14197999/left_cc.jpg,images/14197999/left_mlo.jpg,images/14197999/right_cc.jpg,images/14197999/right_mlo.jpg
14199122,D,images/14199122/left_cc.jpg,images/14199122/left_mlo.jpg,images/14199122/right_cc.jpg,images/14199122/right_mlo.jpg
14200261,D,images/14200261/left_cc.jpg,images/14200261/left_mlo.jpg,images/14200261/right_cc.jpg,images/14200261/right_mlo.jpg
14202769,C,images/14202769/left_cc.jpg,images/14202769/left_mlo.jpg,images/14202769/right_cc.jpg,images/14202769/right_mlo.jpg
14203541,B,images/14203541/left_cc.jpg,images/14203541/left_mlo.jpg,images/14203541/right_cc.jpg,images/14203541/right_mlo.jpg
14207659,C,images/14207659/left_cc.jpg,images/14207659/left_mlo.jpg,images/14207659/right_cc.jpg,images/14207659/right_mlo.jpg
15000848,D,images/15000848/left_cc.jpg,images/15000848/left_mlo.jpg,images/15000848/right_cc.jpg,images/15000848/right_mlo.jpg
15002379,B,images/15002379/left_cc.jpg,images/15002379/left_mlo.jpg,images/15002379/right_cc.jpg,images/15002379/right_mlo.jpg
15007713,B,images/15007713/left_cc.jpg,images/15007713/left_mlo.jpg,images/15007713/right_cc.jpg,images/15007713/right_mlo.jpg
15008574,B,images/15008574/left_cc.jpg,images/15008574/left_mlo.jpg,images/15008574/right_cc.jpg,images/15008574/right_mlo.jpg
15012973,C,images/15012973/left_cc.jpg,images/15012973/left_mlo.jpg,images/15012973/right_cc.jpg,images/15012973/right_mlo.jpg
15016563,B,images/15016563/left_cc.jpg,images/15016563/left_mlo.jpg,images/15016563/right_cc.jpg,images/15016563/right_mlo.jpg
15022267,D,images/15022267/left_cc.jpg,images/15022267/left_mlo.jpg,images/15022267/right_cc.jpg,images/15022267/right_mlo.jpg
15028887,C,images/15028887/left_cc.jpg,images/15028887/left_mlo.jpg,images/15028887/right_cc.jpg,images/15028887/right_mlo.jpg
15030453,D,images/15030453/left_cc.jpg,images/15030453/left_mlo.jpg,images/15030453/right_cc.jpg,images/15030453/right_mlo.jpg
15030464,C,images/15030464/left_cc.jpg,images/15030464/left_mlo.jpg,images/15030464/right_cc.jpg,images/15030464/right_mlo.jpg
15033322,C,images/15033322/left_cc.jpg,images/15033322/left_mlo.jpg,images/15033322/right_cc.jpg,images/15033322/right_mlo.jpg
15035802,C,images/15035802/left_cc.jpg,images/15035802/left_mlo.jpg,images/15035802/right_cc.jpg,images/15035802/right_mlo.jpg
15045270,D,images/15045270/left_cc.jpg,images/15045270/left_mlo.jpg,images/15045270/right_cc.jpg,images/15045270/right_mlo.jpg
15048342,D,images/15048342/left_cc.jpg,images/15048342/left_mlo.jpg,images/15048342/right_cc.jpg,images/15048342/right_mlo.jpg
15049430,D,images/15049430/left_cc.jpg,images/15049430/left_mlo.jpg,images/15049430/right_cc.jpg,images/15049430/right_mlo.jpg
15053636,D,images/15053636/left_cc.jpg,images/15053636/left_mlo.jpg,images/15053636/right_cc.jpg,images/15053636/right_mlo.jpg
15056266,B,images/15056266/left_cc.jpg,images/15056266/left_mlo.jpg,images/15056266/right_cc.jpg,images/15056266/right_mlo.jpg
15056356,C,images/15056356/left_cc.jpg,images/15056356/left_mlo.jpg,images/15056356/right_cc.jpg,images/15056356/right_mlo.jpg
15060085,D,images/15060085/left_cc.jpg,images/15060085/left_mlo.jpg,images/15060085/right_cc.jpg,images/15060085/right_mlo.jpg
15078774,D,images/15078774/left_cc.jpg,images/15078774/left_mlo.jpg,images/15078774/right_cc.jpg,images/15078774/right_mlo.jpg
15091004,C,images/15091004/left_cc.jpg,images/15091004/left_mlo.jpg,images/15091004/right_cc.jpg,images/15091004/right_mlo.jpg
15092326,C,images/15092326/left_cc.jpg,images/15092326/left_mlo.jpg,images/15092326/right_cc.jpg,images/15092326/right_mlo.jpg
15100158,B,images/15100158/left_cc.jpg,images/15100158/left_mlo.jpg,images/15100158/right_cc.jpg,images/15100158/right_mlo.jpg
15103408,D,images/15103408/left_cc.jpg,images/15103408/left_mlo.jpg,images/15103408/right_cc.jpg,images/15103408/right_mlo.jpg
15118624,C,images/15118624/left_cc.jpg,images/15118624/left_mlo.jpg,images/15118624/right_cc.jpg,images/15118624/right_mlo.jpg
15127230,D,images/15127230/left_cc.jpg,images/15127230/left_mlo.jpg,images/15127230/right_cc.jpg,images/15127230/right_mlo.jpg
15128674,D,images/15128674/left_cc.jpg,images/15128674/left_mlo.jpg,images/15128674/right_cc.jpg,images/15128674/right_mlo.jpg
15128695,D,images/15128695/left_cc.jpg,images/15128695/left_mlo.jpg,images/15128695/right_cc.jpg,images/15128695/right_mlo.jpg
15129318,C,images/15129318/left_cc.jpg,images/15129318/left_mlo.jpg,images/15129318/right_cc.jpg,images/15129318/right_mlo.jpg
15132418,C,images/15132418/left_cc.jpg,images/15132418/left_mlo.jpg,images/15132418/right_cc.jpg,images/15132418/right_mlo.jpg
15132449,B,images/15132449/left_cc.jpg,images/15132449/left_mlo.jpg,images/15132449/right_cc.jpg,images/15132449/right_mlo.jpg
15132834,C,images/15132834/left_cc.jpg,images/15132834/left_mlo.jpg,images/15132834/right_cc.jpg,images/15132834/right_mlo.jpg
15138335,C,images/15138335/left_cc.jpg,images/15138335/left_mlo.jpg,images/15138335/right_cc.jpg,images/15138335/right_mlo.jpg
15139954,C,images/15139954/left_cc.jpg,images/15139954/left_mlo.jpg,images/15139954/right_cc.jpg,images/15139954/right_mlo.jpg
15145386,C,images/15145386/left_cc.jpg,images/15145386/left_mlo.jpg,images/15145386/right_cc.jpg,images/15145386/right_mlo.jpg
15148186,C,images/15148186/left_cc.jpg,images/15148186/left_mlo.jpg,images/15148186/right_cc.jpg,images/15148186/right_mlo.jpg
15153199,D,images/15153199/left_cc.jpg,images/15153199/left_mlo.jpg,images/15153199/right_cc.jpg,images/15153199/right_mlo.jpg
15155023,B,images/15155023/left_cc.jpg,images/15155023/left_mlo.jpg,images/15155023/right_cc.jpg,images/15155023/right_mlo.jpg
15159533,B,images/15159533/left_cc.jpg,images/15159533/left_mlo.jpg,images/15159533/right_cc.jpg,images/15159533/right_mlo.jpg
15161383,C,images/15161383/left_cc.jpg,images/15161383/left_mlo.jpg,images/15161383/right_cc.jpg,images/15161383/right_mlo.jpg
15165436,D,images/15165436/left_cc.jpg,images/15165436/left_mlo.jpg,images/15165436/right_cc.jpg,images/15165436/right_mlo.jpg
15906681,B,images/15906681/left_cc.jpg,images/15906681/left_mlo.jpg,images/15906681/right_cc.jpg,images/15906681/right_mlo.jpg
15915149,D,images/15915149/left_cc.jpg,images/15915149/left_mlo.jpg,images/15915149/right_cc.jpg,images/15915149/right_mlo.jpg
15918582,D,images/15918582/left_cc.jpg,images/15918582/left_mlo.jpg,images/15918582/right_cc.jpg,images/15918582/right_mlo.jpg
15920260,C,images/15920260/left_cc.jpg,images/15920260/left_mlo.jpg,images/15920260/right_cc.jpg,images/15920260/right_mlo.jpg
15927028,A,images/15927028/left_cc.jpg,images/15927028/left_mlo.jpg,images/15927028/right_cc.jpg,images/15927028/right_mlo.jpg
15931910,C,images/15931910/left_cc.jpg,images/15931910/left_mlo.jpg,images/15931910/right_cc.jpg,images/15931910/right_mlo.jpg
16000179,C,images/16000179/left_cc.jpg,images/16000179/left_mlo.jpg,images/16000179/right_cc.jpg,images/16000179/right_mlo.jpg
16001573,D,images/16001573/left_cc.jpg,images/16001573/left_mlo.jpg,images/16001573/right_cc.jpg,images/16001573/right_mlo.jpg
16002882,B,images/16002882/left_cc.jpg,images/16002882/left_mlo.jpg,images/16002882/right_cc.jpg,images/16002882/right_mlo.jpg
16007010,B,images/16007010/left_cc.jpg,images/16007010/left_mlo.jpg,images/16007010/right_cc.jpg,images/16007010/right_mlo.jpg
16007562,D,images/16007562/left_cc.jpg,images/16007562/left_mlo.jpg,images/16007562/right_cc.jpg,images/16007562/right_mlo.jpg
16008211,B,images/16008211/left_cc.jpg,images/16008211/left_mlo.jpg,images/16008211/right_cc.jpg,images/16008211/right_mlo.jpg
16017892,D,images/16017892/left_cc.jpg,images/16017892/left_mlo.jpg,images/16017892/right_cc.jpg,images/16017892/right_mlo.jpg
16024506,C,images/16024506/left_cc.jpg,images/16024506/left_mlo.jpg,images/16024506/right_cc.jpg,images/16024506/right_mlo.jpg
16025772,C,images/16025772/left_cc.jpg,images/16025772/left_mlo.jpg,images/16025772/right_cc.jpg,images/16025772/right_mlo.jpg
16034320,D,images/16034320/left_cc.jpg,images/16034320/left_mlo.jpg,images/16034320/right_cc.jpg,images/16034320/right_mlo.jpg
16034792,C,images/16034792/left_cc.jpg,images/16034792/left_mlo.jpg,images/16034792/right_cc.jpg,images/16034792/right_mlo.jpg
16040225,B,images/16040225/left_cc.jpg,images/16040225/left_mlo.jpg,images/16040225/right_cc.jpg,images/16040225/right_mlo.jpg
16048877,C,images/16048877/left_cc.jpg,images/16048877/left_mlo.jpg,images/16048877/right_cc.jpg,images/16048877/right_mlo.jpg
16049982,D,images/16049982/left_cc.jpg,images/16049982/left_mlo.jpg,images/16049982/right_cc.jpg,images/16049982/right_mlo.jpg
16050574,B,images/16050574/left_cc.jpg,images/16050574/left_mlo.jpg,images/16050574/right_cc.jpg,images/16050574/right_mlo.jpg
16054711,C,images/16054711/left_cc.jpg,images/16054711/left_mlo.jpg,images/16054711/right_cc.jpg,images/16054711/right_mlo.jpg
16057206,C,images/16057206/left_cc.jpg,images/16057206/left_mlo.jpg,images/16057206/right_cc.jpg,images/16057206/right_mlo.jpg
16057623,B,images/16057623/left_cc.jpg,images/16057623/left_mlo.jpg,images/16057623/right_cc.jpg,images/16057623/right_mlo.jpg
16058233,D,images/16058233/left_cc.jpg,images/16058233/left_mlo.jpg,images/16058233/right_cc.jpg,images/16058233/right_mlo.jpg
16059941,C,images/16059941/left_cc.jpg,images/16059941/left_mlo.jpg,images/16059941/right_cc.jpg,images/16059941/right_mlo.jpg
16065252,C,images/16065252/left_cc.jpg,images/16065252/left_mlo.jpg,images/16065252/right_cc.jpg,images/16065252/right_mlo.jpg
16077756,D,images/16077756/left_cc.jpg,images/16077756/left_mlo.jpg,images/16077756/right_cc.jpg,images/16077756/right_mlo.jpg
16088761,C,images/16088761/left_cc.jpg,images/16088761/left_mlo.jpg,images/16088761/right_cc.jpg,images/16088761/right_mlo.jpg
16095850,C,images/16095850/left_cc.jpg,images/16095850/left_mlo.jpg,images/16095850/right_cc.jpg,images/16095850/right_mlo.jpg
16097653,C,images/16097653/left_cc.jpg,images/16097653/left_mlo.jpg,images/16097653/right_cc.jpg,images/16097653/right_mlo.jpg
16099712,C,images/16099712/left_cc.jpg,images/16099712/left_mlo.jpg,images/16099712/right_cc.jpg,images/16099712/right_mlo.jpg
16103240,C,images/16103240/left_cc.jpg,images/16103240/left_mlo.jpg,images/16103240/right_cc.jpg,images/16103240/right_mlo.jpg
16106171,D,images/16106171/left_cc.jpg,images/16106171/left_mlo.jpg,images/16106171/right_cc.jpg,images/16106171/right_mlo.jpg
16114752,C,images/16114752/left_cc.jpg,images/16114752/left_mlo.jpg,images/16114752/right_cc.jpg,images/16114752/right_mlo.jpg
16114866,C,images/16114866/left_cc.jpg,images/16114866/left_mlo.jpg,images/16114866/right_cc.jpg,images/16114866/right_mlo.jpg
16115274,D,images/16115274/left_cc.jpg,images/16115274/left_mlo.jpg,images/16115274/right_cc.jpg,images/16115274/right_mlo.jpg
16116284,B,images/16116284/left_cc.jpg,images/16116284/left_mlo.jpg,images/16116284/right_cc.jpg,images/16116284/right_mlo.jpg
16116419,C,images/16116419/left_cc.jpg,images/16116419/left_mlo.jpg,images/16116419/right_cc.jpg,images/16116419/right_mlo.jpg
16118045,B,images/16118045/left_cc.jpg,images/16118045/left_mlo.jpg,images/16118045/right_cc.jpg,images/16118045/right_mlo.jpg
16118624,D,images/16118624/left_cc.jpg,images/16118624/left_mlo.jpg,images/16118624/right_cc.jpg,images/16118624/right_mlo.jpg
16127862,D,images/16127862/left_cc.jpg,images/16127862/left_mlo.jpg,images/16127862/right_cc.jpg,images/16127862/right_mlo.jpg
16128113,C,images/16128113/left_cc.jpg,images/16128113/left_mlo.jpg,images/16128113/right_cc.jpg,images/16128113/right_mlo.jpg
16130790,D,images/16130790/left_cc.jpg,images/16130790/left_mlo.jpg,images/16130790/right_cc.jpg,images/16130790/right_mlo.jpg
16134936,C,images/16134936/left_cc.jpg,images/16134936/left_mlo.jpg,images/16134936/right_cc.jpg,images/16134936/right_mlo.jpg
16139656,C,images/16139656/left_cc.jpg,images/16139656/left_mlo.jpg,images/16139656/right_cc.jpg,images/16139656/right_mlo.jpg
16141025,D,images/16141025/left_cc.jpg,images/16141025/left_mlo.jpg,images/16141025/right_cc.jpg,images/16141025/right_mlo.jpg
16142209,D,images/16142209/left_cc.jpg,images/16142209/left_mlo.jpg,images/16142209/right_cc.jpg,images/16142209/right_mlo.jpg
16146119,B,images/16146119/left_cc.jpg,images/16146119/left_mlo.jpg,images/16146119/right_cc.jpg,images/16146119/right_mlo.jpg
16149672,B,images/16149672/left_cc.jpg,images/16149672/left_mlo.jpg,images/16149672/right_cc.jpg,images/16149672/right_mlo.jpg
16149832,C,images/16149832/left_cc.jpg,images/16149832/left_mlo.jpg,images/16149832/right_cc.jpg,images/16149832/right_mlo.jpg
16153193,D,images/16153193/left_cc.jpg,images/16153193/left_mlo.jpg,images/16153193/right_cc.jpg,images/16153193/right_mlo.jpg
16153375,C,images/16153375/left_cc.jpg,images/16153375/left_mlo.jpg,images/16153375/right_cc.jpg,images/16153375/right_mlo.jpg
16161500,A,images/16161500/left_cc.jpg,images/16161500/left_mlo.jpg,images/16161500/right_cc.jpg,images/16161500/right_mlo.jpg
16165442,D,images/16165442/left_cc.jpg,images/16165442/left_mlo.jpg,images/16165442/right_cc.jpg,images/16165442/right_mlo.jpg
16918449,D,images/16918449/left_cc.jpg,images/16918449/left_mlo.jpg,images/16918449/right_cc.jpg,images/16918449/right_mlo.jpg
16941869,D,images/16941869/left_cc.jpg,images/16941869/left_mlo.jpg,images/16941869/right_cc.jpg,images/16941869/right_mlo.jpg
16944998,B,images/16944998/left_cc.jpg,images/16944998/left_mlo.jpg,images/16944998/right_cc.jpg,images/16944998/right_mlo.jpg
16955543,B,images/16955543/left_cc.jpg,images/16955543/left_mlo.jpg,images/16955543/right_cc.jpg,images/16955543/right_mlo.jpg
16957495,B,images/16957495/left_cc.jpg,images/16957495/left_mlo.jpg,images/16957495/right_cc.jpg,images/16957495/right_mlo.jpg
17010127,C,images/17010127/left_cc.jpg,images/17010127/left_mlo.jpg,images/17010127/right_cc.jpg,images/17010127/right_mlo.jpg
17012940,C,images/17012940/left_cc.jpg,images/17012940/left_mlo.jpg,images/17012940/right_cc.jpg,images/17012940/right_mlo.jpg
17013793,D,images/17013793/left_cc.jpg,images/17013793/left_mlo.jpg,images/17013793/right_cc.jpg,images/17013793/right_mlo.jpg
17021387,C,images/17021387/left_cc.jpg,images/17021387/left_mlo.jpg,images/17021387/right_cc.jpg,images/17021387/right_mlo.jpg
17025568,B,images/17025568/left_cc.jpg,images/17025568/left_mlo.jpg,images/17025568/right_cc.jpg,images/17025568/right_mlo.jpg
17043710,A,images/17043710/left_cc.jpg,images/17043710/left_mlo.jpg,images/17043710/right_cc.jpg,images/17043710/right_mlo.jpg
17045538,C,images/17045538/left_cc.jpg,images/17045538/left_mlo.jpg,images/17045538/right_cc.jpg,images/17045538/right_mlo.jpg
17048327,D,images/17048327/left_cc.jpg,images/17048327/left_mlo.jpg,images/17048327/right_cc.jpg,images/17048327/right_mlo.jpg
17052023,D,images/17052023/left_cc.jpg,images/17052023/left_mlo.jpg,images/17052023/right_cc.jpg,images/17052023/right_mlo.jpg
17057747,D,images/17057747/left_cc.jpg,images/17057747/left_mlo.jpg,images/17057747/right_cc.jpg,images/17057747/right_mlo.jpg
17066944,C,images/17066944/left_cc.jpg,images/17066944/left_mlo.jpg,images/17066944/right_cc.jpg,images/17066944/right_mlo.jpg
17069388,C,images/17069388/left_cc.jpg,images/17069388/left_mlo.jpg,images/17069388/right_cc.jpg,images/17069388/right_mlo.jpg
17079271,C,images/17079271/left_cc.jpg,images/17079271/left_mlo.jpg,images/17079271/right_cc.jpg,images/17079271/right_mlo.jpg
17083756,C,images/17083756/left_cc.jpg,images/17083756/left_mlo.jpg,images/17083756/right_cc.jpg,images/17083756/right_mlo.jpg
17084286,D,images/17084286/left_cc.jpg,images/17084286/left_mlo.jpg,images/17084286/right_cc.jpg,images/17084286/right_mlo.jpg
17091397,D,images/17091397/left_cc.jpg,images/17091397/left_mlo.jpg,images/17091397/right_cc.jpg,images/17091397/right_mlo.jpg
17095946,D,images/17095946/left_cc.jpg,images/17095946/left_mlo.jpg,images/17095946/right_cc.jpg,images/17095946/right_mlo.jpg
17106116,A,images/17106116/left_cc.jpg,images/17106116/left_mlo.jpg,images/17106116/right_cc.jpg,images/17106116/right_mlo.jpg
17108605,A,images/17108605/left_cc.jpg,images/17108605/left_mlo.jpg,images/17108605/right_cc.jpg,images/17108605/right_mlo.jpg
17113780,D,images/17113780/left_cc.jpg,images/17113780/left_mlo.jpg,images/17113780/right_cc.jpg,images/17113780/right_mlo.jpg
17123824,D,images/17123824/left_cc.jpg,images/17123824/left_mlo.jpg,images/17123824/right_cc.jpg,images/17123824/right_mlo.jpg
17125062,C,images/17125062/left_cc.jpg,images/17125062/left_mlo.jpg,images/17125062/right_cc.jpg,images/17125062/right_mlo.jpg
17129611,B,images/17129611/left_cc.jpg,images/17129611/left_mlo.jpg,images/17129611/right_cc.jpg,images/17129611/right_mlo.jpg
17916819,B,images/17916819/left_cc.jpg,images/17916819/left_mlo.jpg,images/17916819/right_cc.jpg,images/17916819/right_mlo.jpg
17917958,A,images/17917958/left_cc.jpg,images/17917958/left_mlo.jpg,images/17917958/right_cc.jpg,images/17917958/right_mlo.jpg
18002269,C,images/18002269/left_cc.jpg,images/18002269/left_mlo.jpg,images/18002269/right_cc.jpg,images/18002269/right_mlo.jpg
18003270,D,images/18003270/left_cc.jpg,images/18003270/left_mlo.jpg,images/18003270/right_cc.jpg,images/18003270/right_mlo.jpg
18007498,C,images/18007498/left_cc.jpg,images/18007498/left_mlo.jpg,images/18007498/right_cc.jpg,images/18007498/right_mlo.jpg
18009341,C,images/18009341/left_cc.jpg,images/18009341/left_mlo.jpg,images/18009341/right_cc.jpg,images/18009341/right_mlo.jpg
18009601,C,images/18009601/left_cc.jpg,images/18009601/left_mlo.jpg,images/18009601/right_cc.jpg,images/18009601/right_mlo.jpg
18013412,B,images/18013412/left_cc.jpg,images/18013412/left_mlo.jpg,images/18013412/right_cc.jpg,images/18013412/right_mlo.jpg
18014959,D,images/18014959/left_cc.jpg,images/18014959/left_mlo.jpg,images/18014959/right_cc.jpg,images/18014959/right_mlo.jpg
18022054,D,images/18022054/left_cc.jpg,images/18022054/left_mlo.jpg,images/18022054/right_cc.jpg,images/18022054/right_mlo.jpg
18029144,C,images/18029144/left_cc.jpg,images/18029144/left_mlo.jpg,images/18029144/right_cc.jpg,images/18029144/right_mlo.jpg
18031180,B,images/18031180/left_cc.jpg,images/18031180/left_mlo.jpg,images/18031180/right_cc.jpg,images/18031180/right_mlo.jpg
18033952,C,images/18033952/left_cc.jpg,images/18033952/left_mlo.jpg,images/18033952/right_cc.jpg,images/18033952/right_mlo.jpg
18036621,D,images/18036621/left_cc.jpg,images/18036621/left_mlo.jpg,images/18036621/right_cc.jpg,images/18036621/right_mlo.jpg
18041710,D,images/18041710/left_cc.jpg,images/18041710/left_mlo.jpg,images/18041710/right_cc.jpg,images/18041710/right_mlo.jpg
18041916,C,images/18041916/left_cc.jpg,images/18041916/left_mlo.jpg,images/18041916/right_cc.jpg,images/18041916/right_mlo.jpg
18041919,D,images/18041919/left_cc.jpg,images/18041919/left_mlo.jpg,images/18041919/right_cc.jpg,images/18041919/right_mlo.jpg
18055897,C,images/18055897/left_cc.jpg,images/18055897/left_mlo.jpg,images/18055897/right_cc.jpg,images/18055897/right_mlo.jpg
18055917,D,images/18055917/left_cc.jpg,images/18055917/left_mlo.jpg,images/18055917/right_cc.jpg,images/18055917/right_mlo.jpg
18066224,C,images/18066224/left_cc.jpg,images/18066224/left_mlo.jpg,images/18066224/right_cc.jpg,images/18066224/right_mlo.jpg
18073538,C,images/18073538/left_cc.jpg,images/18073538/left_mlo.jpg,images/18073538/right_cc.jpg,images/18073538/right_mlo.jpg
18075529,B,images/18075529/left_cc.jpg,images/18075529/left_mlo.jpg,images/18075529/right_cc.jpg,images/18075529/right_mlo.jpg
18075673,B,images/18075673/left_cc.jpg,images/18075673/left_mlo.jpg,images/18075673/right_cc.jpg,images/18075673/right_mlo.jpg
18077504,C,images/18077504/left_cc.jpg,images/18077504/left_mlo.jpg,images/18077504/right_cc.jpg,images/18077504/right_mlo.jpg
18082945,D,images/18082945/left_cc.jpg,images/18082945/left_mlo.jpg,images/18082945/right_cc.jpg,images/18082945/right_mlo.jpg
18091054,B,images/18091054/left_cc.jpg,images/18091054/left_mlo.jpg,images/18091054/right_cc.jpg,images/18091054/right_mlo.jpg
18091551,C,images/18091551/left_cc.jpg,images/18091551/left_mlo.jpg,images/18091551/right_cc.jpg,images/18091551/right_mlo.jpg
18092912,C,images/18092912/left_cc.jpg,images/18092912/left_mlo.jpg,images/18092912/right_cc.jpg,images/18092912/right_mlo.jpg
18097629,B,images/18097629/left_cc.jpg,images/18097629/left_mlo.jpg,images/18097629/right_cc.jpg,images/18097629/right_mlo.jpg
18102504,D,images/18102504/left_cc.jpg,images/18102504/left_mlo.jpg,images/18102504/right_cc.jpg,images/18102504/right_mlo.jpg
18103354,D,images/18103354/left_cc.jpg,images/18103354/left_mlo.jpg,images/18103354/right_cc.jpg,images/18103354/right_mlo.jpg
18104299,C,images/18104299/left_cc.jpg,images/18104299/left_mlo.jpg,images/18104299/right_cc.jpg,images/18104299/right_mlo.jpg
18111603,C,images/18111603/left_cc.jpg,images/18111603/left_mlo.jpg,images/18111603/right_cc.jpg,images/18111603/right_mlo.jpg
18137493,D,images/18137493/left_cc.jpg,images/18137493/left_mlo.jpg,images/18137493/right_cc.jpg,images/18137493/right_mlo.jpg
18143087,C,images/18143087/left_cc.jpg,images/18143087/left_mlo.jpg,images/18143087/right_cc.jpg,images/18143087/right_mlo.jpg
18143915,B,images/18143915/left_cc.jpg,images/18143915/left_mlo.jpg,images/18143915/right_cc.jpg,images/18143915/right_mlo.jpg
18144829,C,images/18144829/left_cc.jpg,images/18144829/left_mlo.jpg,images/18144829/right_cc.jpg,images/18144829/right_mlo.jpg
18162410,D,images/18162410/left_cc.jpg,images/18162410/left_mlo.jpg,images/18162410/right_cc.jpg,images/18162410/right_mlo.jpg
18902577,B,images/18902577/left_cc.jpg,images/18902577/left_mlo.jpg,images/18902577/right_cc.jpg,images/18902577/right_mlo.jpg
18903798,C,images/18903798/left_cc.jpg,images/18903798/left_mlo.jpg,images/18903798/right_cc.jpg,images/18903798/right_mlo.jpg
18909152,C,images/18909152/left_cc.jpg,images/18909152/left_mlo.jpg,images/18909152/right_cc.jpg,images/18909152/right_mlo.jpg
18914729,C,images/18914729/left_cc.jpg,images/18914729/left_mlo.jpg,images/18914729/right_cc.jpg,images/18914729/right_mlo.jpg
18915974,C,images/18915974/left_cc.jpg,images/18915974/left_mlo.jpg,images/18915974/right_cc.jpg,images/18915974/right_mlo.jpg
18918532,D,images/18918532/left_cc.jpg,images/18918532/left_mlo.jpg,images/18918532/right_cc.jpg,images/18918532/right_mlo.jpg
18927953,C,images/18927953/left_cc.jpg,images/18927953/left_mlo.jpg,images/18927953/right_cc.jpg,images/18927953/right_mlo.jpg
18936925,C,images/18936925/left_cc.jpg,images/18936925/left_mlo.jpg,images/18936925/right_cc.jpg,images/18936925/right_mlo.jpg
18937492,C,images/18937492/left_cc.jpg,images/18937492/left_mlo.jpg,images/18937492/right_cc.jpg,images/18937492/right_mlo.jpg
19009394,D,images/19009394/left_cc.jpg,images/19009394/left_mlo.jpg,images/19009394/right_cc.jpg,images/19009394/right_mlo.jpg
19010444,D,images/19010444/left_cc.jpg,images/19010444/left_mlo.jpg,images/19010444/right_cc.jpg,images/19010444/right_mlo.jpg
19012217,D,images/19012217/left_cc.jpg,images/19012217/left_mlo.jpg,images/19012217/right_cc.jpg,images/19012217/right_mlo.jpg
19018288,C,images/19018288/left_cc.jpg,images/19018288/left_mlo.jpg,images/19018288/right_cc.jpg,images/19018288/right_mlo.jpg
19020854,D,images/19020854/left_cc.jpg,images/19020854/left_mlo.jpg,images/19020854/right_cc.jpg,images/19020854/right_mlo.jpg
19022335,D,images/19022335/left_cc.jpg,images/19022335/left_mlo.jpg,images/19022335/right_cc.jpg,images/19022335/right_mlo.jpg
19023905,B,images/19023905/left_cc.jpg,images/19023905/left_mlo.jpg,images/19023905/right_cc.jpg,images/19023905/right_mlo.jpg
19039017,D,images/19039017/left_cc.jpg,images/19039017/left_mlo.jpg,images/19039017/right_cc.jpg,images/19039017/right_mlo.jpg
19040907,C,images/19040907/left_cc.jpg,images/19040907/left_mlo.jpg,images/19040907/right_cc.jpg,images/19040907/right_mlo.jpg
19048959,B,images/19048959/left_cc.jpg,images/19048959/left_mlo.jpg,images/19048959/right_cc.jpg,images/19048959/right_mlo.jpg
19062509,C,images/19062509/left_cc.jpg,images/19062509/left_mlo.jpg,images/19062509/right_cc.jpg,images/19062509/right_mlo.jpg
19065337,D,images/19065337/left_cc.jpg,images/19065337/left_mlo.jpg,images/19065337/right_cc.jpg,images/19065337/right_mlo.jpg
19066551,D,images/19066551/left_cc.jpg,images/19066551/left_mlo.jpg,images/19066551/right_cc.jpg,images/19066551/right_mlo.jpg
19080371,C,images/19080371/left_cc.jpg,images/19080371/left_mlo.jpg,images/19080371/right_cc.jpg,images/19080371/right_mlo.jpg
19087291,D,images/19087291/left_cc.jpg,images/19087291/left_mlo.jpg,images/19087291/right_cc.jpg,images/19087291/right_mlo.jpg
19106448,C,images/19106448/left_cc.jpg,images/19106448/left_mlo.jpg,images/19106448/right_cc.jpg,images/19106448/right_mlo.jpg
19107733,D,images/19107733/left_cc.jpg,images/19107733/left_mlo.jpg,images/19107733/right_cc.jpg,images/19107733/right_mlo.jpg
19111424,C,images/19111424/left_cc.jpg,images/19111424/left_mlo.jpg,images/19111424/right_cc.jpg,images/19111424/right_mlo.jpg
19141524,C,images/19141524/left_cc.jpg,images/19141524/left_mlo.jpg,images/19141524/right_cc.jpg,images/19141524/right_mlo.jpg
19141769,D,images/19141769/left_cc.jpg,images/19141769/left_mlo.jpg,images/19141769/right_cc.jpg,images/19141769/right_mlo.jpg
19146184,D,images/19146184/left_cc.jpg,images/19146184/left_mlo.jpg,images/19146184/right_cc.jpg,images/19146184/right_mlo.jpg
19148866,C,images/19148866/left_cc.jpg,images/19148866/left_mlo.jpg,images/19148866/right_cc.jpg,images/19148866/right_mlo.jpg
19151833,D,images/19151833/left_cc.jpg,images/19151833/left_mlo.jpg,images/19151833/right_cc.jpg,images/19151833/right_mlo.jpg
19154705,B,images/19154705/left_cc.jpg,images/19154705/left_mlo.jpg,images/19154705/right_cc.jpg,images/19154705/right_mlo.jpg
19169349,C,images/19169349/left_cc.jpg,images/19169349/left_mlo.jpg,images/19169349/right_cc.jpg,images/19169349/right_mlo.jpg
19170264,B,images/19170264/left_cc.jpg,images/19170264/left_mlo.jpg,images/19170264/right_cc.jpg,images/19170264/right_mlo.jpg
19179227,D,images/19179227/left_cc.jpg,images/19179227/left_mlo.jpg,images/19179227/right_cc.jpg,images/19179227/right_mlo.jpg
19182905,C,images/19182905/left_cc.jpg,images/19182905/left_mlo.jpg,images/19182905/right_cc.jpg,images/19182905/right_mlo.jpg
19184756,D,images/19184756/left_cc.jpg,images/19184756/left_mlo.jpg,images/19184756/right_cc.jpg,images/19184756/right_mlo.jpg
19199676,D,images/19199676/left_cc.jpg,images/19199676/left_mlo.jpg,images/19199676/right_cc.jpg,images/19199676/right_mlo.jpg
19907621,B,images/19907621/left_cc.jpg,images/19907621/left_mlo.jpg,images/19907621/right_cc.jpg,images/19907621/right_mlo.jpg
19910347,C,images/19910347/left_cc.jpg,images/19910347/left_mlo.jpg,images/19910347/right_cc.jpg,images/19910347/right_mlo.jpg
19916285,A,images/19916285/left_cc.jpg,images/19916285/left_mlo.jpg,images/19916285/right_cc.jpg,images/19916285/right_mlo.jpg
19916651,B,images/19916651/left_cc.jpg,images/19916651/left_mlo.jpg,images/19916651/right_cc.jpg,images/19916651/right_mlo.jpg
19917366,B,images/19917366/left_cc.jpg,images/19917366/left_mlo.jpg,images/19917366/right_cc.jpg,images/19917366/right_mlo.jpg
19925000,C,images/19925000/left_cc.jpg,images/19925000/left_mlo.jpg,images/19925000/right_cc.jpg,images/19925000/right_mlo.jpg
19940339,C,images/19940339/left_cc.jpg,images/19940339/left_mlo.jpg,images/19940339/right_cc.jpg,images/19940339/right_mlo.jpg
20000890,D,images/20000890/left_cc.jpg,images/20000890/left_mlo.jpg,images/20000890/right_cc.jpg,images/20000890/right_mlo.jpg
20026802,D,images/20026802/left_cc.jpg,images/20026802/left_mlo.jpg,images/20026802/right_cc.jpg,images/20026802/right_mlo.jpg
20027024,D,images/20027024/left_cc.jpg,images/20027024/left_mlo.jpg,images/20027024/right_cc.jpg,images/20027024/right_mlo.jpg
20029703,C,images/20029703/left_cc.jpg,images/20029703/left_mlo.jpg,images/20029703/right_cc.jpg,images/20029703/right_mlo.jpg
20039086,D,images/20039086/left_cc.jpg,images/20039086/left_mlo.jpg,images/20039086/right_cc.jpg,images/20039086/right_mlo.jpg
20040663,D,images/20040663/left_cc.jpg,images/20040663/left_mlo.jpg,images/20040663/right_cc.jpg,images/20040663/right_mlo.jpg
20045953,D,images/20045953/left_cc.jpg,images/20045953/left_mlo.jpg,images/20045953/right_cc.jpg,images/20045953/right_mlo.jpg
20046313,D,images/20046313/left_cc.jpg,images/20046313/left_mlo.jpg,images/20046313/right_cc.jpg,images/20046313/right_mlo.jpg
20049318,C,images/20049318/left_cc.jpg,images/20049318/left_mlo.jpg,images/20049318/right_cc.jpg,images/20049318/right_mlo.jpg
20061544,C,images/20061544/left_cc.jpg,images/20061544/left_mlo.jpg,images/20061544/right_cc.jpg,images/20061544/right_mlo.jpg
20071749,D,images/20071749/left_cc.jpg,images/20071749/left_mlo.jpg,images/20071749/right_cc.jpg,images/20071749/right_mlo.jpg
20072266,D,images/20072266/left_cc.jpg,images/20072266/left_mlo.jpg,images/20072266/right_cc.jpg,images/20072266/right_mlo.jpg
20075464,B,images/20075464/left_cc.jpg,images/20075464/left_mlo.jpg,images/20075464/right_cc.jpg,images/20075464/right_mlo.jpg
20075689,C,images/20075689/left_cc.jpg,images/20075689/left_mlo.jpg,images/20075689/right_cc.jpg,images/20075689/right_mlo.jpg
20086381,C,images/20086381/left_cc.jpg,images/20086381/left_mlo.jpg,images/20086381/right_cc.jpg,images/20086381/right_mlo.jpg
20130091,C,images/20130091/left_cc.jpg,images/20130091/left_mlo.jpg,images/20130091/right_cc.jpg,images/20130091/right_mlo.jpg
20142784,C,images/20142784/left_cc.jpg,images/20142784/left_mlo.jpg,images/20142784/right_cc.jpg,images/20142784/right_mlo.jpg
20160965,D,images/20160965/left_cc.jpg,images/20160965/left_mlo.jpg,images/20160965/right_cc.jpg,images/20160965/right_mlo.jpg
20203037,C,images/20203037/left_cc.jpg,images/20203037/left_mlo.jpg,images/20203037/right_cc.jpg,images/20203037/right_mlo.jpg
20203080,C,images/20203080/left_cc.jpg,images/20203080/left_mlo.jpg,images/20203080/right_cc.jpg,images/20203080/right_mlo.jpg
20206015,D,images/20206015/left_cc.jpg,images/20206015/left_mlo.jpg,images/20206015/right_cc.jpg,images/20206015/right_mlo.jpg
20222264,D,images/20222264/left_cc.jpg,images/20222264/left_mlo.jpg,images/20222264/right_cc.jpg,images/20222264/right_mlo.jpg
20231959,C,images/20231959/left_cc.jpg,images/20231959/left_mlo.jpg,images/20231959/right_cc.jpg,images/20231959/right_mlo.jpg
20907276,B,images/20907276/left_cc.jpg,images/20907276/left_mlo.jpg,images/20907276/right_cc.jpg,images/20907276/right_mlo.jpg
21021020,D,images/21021020/left_cc.jpg,images/21021020/left_mlo.jpg,images/21021020/right_cc.jpg,images/21021020/right_mlo.jpg
21069594,C,images/21069594/left_cc.jpg,images/21069594/left_mlo.jpg,images/21069594/right_cc.jpg,images/21069594/right_mlo.jpg
21070001,C,images/21070001/left_cc.jpg,images/21070001/left_mlo.jpg,images/21070001/right_cc.jpg,images/21070001/right_mlo.jpg
21070004,D,images/21070004/left_cc.jpg,images/21070004/left_mlo.jpg,images/21070004/right_cc.jpg,images/21070004/right_mlo.jpg
21084157,D,images/21084157/left_cc.jpg,images/21084157/left_mlo.jpg,images/21084157/right_cc.jpg,images/21084157/right_mlo.jpg
21088794,D,images/21088794/left_cc.jpg,images/21088794/left_mlo.jpg,images/21088794/right_cc.jpg,images/21088794/right_mlo.jpg
21109901,C,images/21109901/left_cc.jpg,images/21109901/left_mlo.jpg,images/21109901/right_cc.jpg,images/21109901/right_mlo.jpg
21132877,B,images/21132877/left_cc.jpg,images/21132877/left_mlo.jpg,images/21132877/right_cc.jpg,images/21132877/right_mlo.jpg
21135163,D,images/21135163/left_cc.jpg,images/21135163/left_mlo.jpg,images/21135163/right_cc.jpg,images/21135163/right_mlo.jpg
21157684,D,images/21157684/left_cc.jpg,images/21157684/left_mlo.jpg,images/21157684/right_cc.jpg,images/21157684/right_mlo.jpg
21169699,C,images/21169699/left_cc.jpg,images/21169699/left_mlo.jpg,images/21169699/right_cc.jpg,images/21169699/right_mlo.jpg
21200911,C,images/21200911/left_cc.jpg,images/21200911/left_mlo.jpg,images/21200911/right_cc.jpg,images/21200911/right_mlo.jpg
21234970,C,images/21234970/left_cc.jpg,images/21234970/left_mlo.jpg,images/21234970/right_cc.jpg,images/21234970/right_mlo.jpg
21270990,C,images/21270990/left_cc.jpg,images/21270990/left_mlo.jpg,images/21270990/right_cc.jpg,images/21270990/right_mlo.jpg
21903003,C,images/21903003/left_cc.jpg,images/21903003/left_mlo.jpg,images/21903003/right_cc.jpg,images/21903003/right_mlo.jpg
21912215,C,images/21912215/left_cc.jpg,images/21912215/left_mlo.jpg,images/21912215/right_cc.jpg,images/21912215/right_mlo.jpg
21935575,D,images/21935575/left_cc.jpg,images/21935575/left_mlo.jpg,images/21935575/right_cc.jpg,images/21935575/right_mlo.jpg
22002970,C,images/22002970/left_cc.jpg,images/22002970/left_mlo.jpg,images/22002970/right_cc.jpg,images/22002970/right_mlo.jpg
22053275,D,images/22053275/left_cc.jpg,images/22053275/left_mlo.jpg,images/22053275/right_cc.jpg,images/22053275/right_mlo.jpg
22061821,C,images/22061821/left_cc.jpg,images/22061821/left_mlo.jpg,images/22061821/right_cc.jpg,images/22061821/right_mlo.jpg
22062703,C,images/22062703/left_cc.jpg,images/22062703/left_mlo.jpg,images/22062703/right_cc.jpg,images/22062703/right_mlo.jpg
22066189,C,images/22066189/left_cc.jpg,images/22066189/left_mlo.jpg,images/22066189/right_cc.jpg,images/22066189/right_mlo.jpg
22070257,C,images/22070257/left_cc.jpg,images/22070257/left_mlo.jpg,images/22070257/right_cc.jpg,images/22070257/right_mlo.jpg
22083255,C,images/22083255/left_cc.jpg,images/22083255/left_mlo.jpg,images/22083255/right_cc.jpg,images/22083255/right_mlo.jpg
22083607,C,images/22083607/left_cc.jpg,images/22083607/left_mlo.jpg,images/22083607/right_cc.jpg,images/22083607/right_mlo.jpg
22125346,D,images/22125346/left_cc.jpg,images/22125346/left_mlo.jpg,images/22125346/right_cc.jpg,images/22125346/right_mlo.jpg
22127959,C,images/22127959/left_cc.jpg,images/22127959/left_mlo.jpg,images/22127959/right_cc.jpg,images/22127959/right_mlo.jpg
22135760,B,images/22135760/left_cc.jpg,images/22135760/left_mlo.jpg,images/22135760/right_cc.jpg,images/22135760/right_mlo.jpg
22140588,B,images/22140588/left_cc.jpg,images/22140588/left_mlo.jpg,images/22140588/right_cc.jpg,images/22140588/right_mlo.jpg
22145457,C,images/22145457/left_cc.jpg,images/22145457/left_mlo.jpg,images/22145457/right_cc.jpg,images/22145457/right_mlo.jpg
22146349,D,images/22146349/left_cc.jpg,images/22146349/left_mlo.jpg,images/22146349/right_cc.jpg,images/22146349/right_mlo.jpg
22146354,B,images/22146354/left_cc.jpg,images/22146354/left_mlo.jpg,images/22146354/right_cc.jpg,images/22146354/right_mlo.jpg
22146361,C,images/22146361/left_cc.jpg,images/22146361/left_mlo.jpg,images/22146361/right_cc.jpg,images/22146361/right_mlo.jpg
22146369,C,images/22146369/left_cc.jpg,images/22146369/left_mlo.jpg,images/22146369/right_cc.jpg,images/22146369/right_mlo.jpg
22146380,C,images/22146380/left_cc.jpg,images/22146380/left_mlo.jpg,images/22146380/right_cc.jpg,images/22146380/right_mlo.jpg
22146391,B,images/22146391/left_cc.jpg,images/22146391/left_mlo.jpg,images/22146391/right_cc.jpg,images/22146391/right_mlo.jpg
22146446,B,images/22146446/left_cc.jpg,images/22146446/left_mlo.jpg,images/22146446/right_cc.jpg,images/22146446/right_mlo.jpg
22146447,C,images/22146447/left_cc.jpg,images/22146447/left_mlo.jpg,images/22146447/right_cc.jpg,images/22146447/right_mlo.jpg
22146453,A,images/22146453/left_cc.jpg,images/22146453/left_mlo.jpg,images/22146453/right_cc.jpg,images/22146453/right_mlo.jpg
22146456,B,images/22146456/left_cc.jpg,images/22146456/left_mlo.jpg,images/22146456/right_cc.jpg,images/22146456/right_mlo.jpg
22146460,C,images/22146460/left_cc.jpg,images/22146460/left_mlo.jpg,images/22146460/right_cc.jpg,images/22146460/right_mlo.jpg
22146465,C,images/22146465/left_cc.jpg,images/22146465/left_mlo.jpg,images/22146465/right_cc.jpg,images/22146465/right_mlo.jpg
22146467,C,images/22146467/left_cc.jpg,images/22146467/left_mlo.jpg,images/22146467/right_cc.jpg,images/22146467/right_mlo.jpg
22146475,B,images/22146475/left_cc.jpg,images/22146475/left_mlo.jpg,images/22146475/right_cc.jpg,images/22146475/right_mlo.jpg
22147816,D,images/22147816/left_cc.jpg,images/22147816/left_mlo.jpg,images/22147816/right_cc.jpg,images/22147816/right_mlo.jpg
22148973,A,images/22148973/left_cc.jpg,images/22148973/left_mlo.jpg,images/22148973/right_cc.jpg,images/22148973/right_mlo.jpg
22177726,C,images/22177726/left_cc.jpg,images/22177726/left_mlo.jpg,images/22177726/right_cc.jpg,images/22177726/right_mlo.jpg
22179310,B,images/22179310/left_cc.jpg,images/22179310/left_mlo.jpg,images/22179310/right_cc.jpg,images/22179310/right_mlo.jpg
22184252,B,images/22184252/left_cc.jpg,images/22184252/left_mlo.jpg,images/22184252/right_cc.jpg,images/22184252/right_mlo.jpg
22191313,D,images/22191313/left_cc.jpg,images/22191313/left_mlo.jpg,images/22191313/right_cc.jpg,images/22191313/right_mlo.jpg
22194734,C,images/22194734/left_cc.jpg,images/22194734/left_mlo.jpg,images/22194734/right_cc.jpg,images/22194734/right_mlo.jpg
22197806,B,images/22197806/left_cc.jpg,images/22197806/left_mlo.jpg,images/22197806/right_cc.jpg,images/22197806/right_mlo.jpg
22201687,C,images/22201687/left_cc.jpg,images/22201687/left_mlo.jpg,images/22201687/right_cc.jpg,images/22201687/right_mlo.jpg
22222598,C,images/22222598/left_cc.jpg,images/22222598/left_mlo.jpg,images/22222598/right_cc.jpg,images/22222598/right_mlo.jpg
22224282,C,images/22224282/left_cc.jpg,images/22224282/left_mlo.jpg,images/22224282/right_cc.jpg,images/22224282/right_mlo.jpg
22226606,C,images/22226606/left_cc.jpg,images/22226606/left_mlo.jpg,images/22226606/right_cc.jpg,images/22226606/right_mlo.jpg
22235943,D,images/22235943/left_cc.jpg,images/22235943/left_mlo.jpg,images/22235943/right_cc.jpg,images/22235943/right_mlo.jpg
22244155,D,images/22244155/left_cc.jpg,images/22244155/left_mlo.jpg,images/22244155/right_cc.jpg,images/22244155/right_mlo.jpg
22256307,D,images/22256307/left_cc.jpg,images/22256307/left_mlo.jpg,images/22256307/right_cc.jpg,images/22256307/right_mlo.jpg
22267162,C,images/22267162/left_cc.jpg,images/22267162/left_mlo.jpg,images/22267162/right_cc.jpg,images/22267162/right_mlo.jpg
22268435,D,images/22268435/left_cc.jpg,images/22268435/left_mlo.jpg,images/22268435/right_cc.jpg,images/22268435/right_mlo.jpg
22278096,D,images/22278096/left_cc.jpg,images/22278096/left_mlo.jpg,images/22278096/right_cc.jpg,images/22278096/right_mlo.jpg
22278098,C,images/22278098/left_cc.jpg,images/22278098/left_mlo.jpg,images/22278098/right_cc.jpg,images/22278098/right_mlo.jpg
22278100,C,images/22278100/left_cc.jpg,images/22278100/left_mlo.jpg,images/22278100/right_cc.jpg,images/22278100/right_mlo.jpg
22278153,C,images/22278153/left_cc.jpg,images/22278153/left_mlo.jpg,images/22278153/right_cc.jpg,images/22278153/right_mlo.jpg
22283993,C,images/22283993/left_cc.jpg,images/22283993/left_mlo.jpg,images/22283993/right_cc.jpg,images/22283993/right_mlo.jpg
22286064,C,images/22286064/left_cc.jpg,images/22286064/left_mlo.jpg,images/22286064/right_cc.jpg,images/22286064/right_mlo.jpg
22294029,D,images/22294029/left_cc.jpg,images/22294029/left_mlo.jpg,images/22294029/right_cc.jpg,images/22294029/right_mlo.jpg
22295431,D,images/22295431/left_cc.jpg,images/22295431/left_mlo.jpg,images/22295431/right_cc.jpg,images/22295431/right_mlo.jpg
22298136,D,images/22298136/left_cc.jpg,images/22298136/left_mlo.jpg,images/22298136/right_cc.jpg,images/22298136/right_mlo.jpg
22301440,D,images/22301440/left_cc.jpg,images/22301440/left_mlo.jpg,images/22301440/right_cc.jpg,images/22301440/right_mlo.jpg
22305201,D,images/22305201/left_cc.jpg,images/22305201/left_mlo.jpg,images/22305201/right_cc.jpg,images/22305201/right_mlo.jpg
22909366,C,images/22909366/left_cc.jpg,images/22909366/left_mlo.jpg,images/22909366/right_cc.jpg,images/22909366/right_mlo.jpg
22914095,B,images/22914095/left_cc.jpg,images/22914095/left_mlo.jpg,images/22914095/right_cc.jpg,images/22914095/right_mlo.jpg
22925319,C,images/22925319/left_cc.jpg,images/22925319/left_mlo.jpg,images/22925319/right_cc.jpg,images/22925319/right_mlo.jpg
22939598,D,images/22939598/left_cc.jpg,images/22939598/left_mlo.jpg,images/22939598/right_cc.jpg,images/22939598/right_mlo.jpg
22940955,D,images/22940955/left_cc.jpg,images/22940955/left_mlo.jpg,images/22940955/right_cc.jpg,images/22940955/right_mlo.jpg
23008323,C,images/23008323/left_cc.jpg,images/23008323/left_mlo.jpg,images/23008323/right_cc.jpg,images/23008323/right_mlo.jpg
23022723,C,images/23022723/left_cc.jpg,images/23022723/left_mlo.jpg,images/23022723/right_cc.jpg,images/23022723/right_mlo.jpg
23024705,C,images/23024705/left_cc.jpg,images/23024705/left_mlo.jpg,images/23024705/right_cc.jpg,images/23024705/right_mlo.jpg
23024842,C,images/23024842/left_cc.jpg,images/23024842/left_mlo.jpg,images/23024842/right_cc.jpg,images/23024842/right_mlo.jpg
23030261,B,images/23030261/left_cc.jpg,images/23030261/left_mlo.jpg,images/23030261/right_cc.jpg,images/23030261/right_mlo.jpg
23034265,D,images/23034265/left_cc.jpg,images/23034265/left_mlo.jpg,images/23034265/right_cc.jpg,images/23034265/right_mlo.jpg
23034848,C,images/23034848/left_cc.jpg,images/23034848/left_mlo.jpg,images/23034848/right_cc.jpg,images/23034848/right_mlo.jpg
23037616,D,images/23037616/left_cc.jpg,images/23037616/left_mlo.jpg,images/23037616/right_cc.jpg,images/23037616/right_mlo.jpg
23038444,C,images/23038444/left_cc.jpg,images/23038444/left_mlo.jpg,images/23038444/right_cc.jpg,images/23038444/right_mlo.jpg
23038815,C,images/23038815/left_cc.jpg,images/23038815/left_mlo.jpg,images/23038815/right_cc.jpg,images/23038815/right_mlo.jpg
23040767,C,images/23040767/left_cc.jpg,images/23040767/left_mlo.jpg,images/23040767/right_cc.jpg,images/23040767/right_mlo.jpg
23051637,D,images/23051637/left_cc.jpg,images/23051637/left_mlo.jpg,images/23051637/right_cc.jpg,images/23051637/right_mlo.jpg
23052300,C,images/23052300/left_cc.jpg,images/23052300/left_mlo.jpg,images/23052300/right_cc.jpg,images/23052300/right_mlo.jpg
23054674,D,images/23054674/left_cc.jpg,images/23054674/left_mlo.jpg,images/23054674/right_cc.jpg,images/23054674/right_mlo.jpg
23054958,D,images/23054958/left_cc.jpg,images/23054958/left_mlo.jpg,images/23054958/right_cc.jpg,images/23054958/right_mlo.jpg
23056320,C,images/23056320/left_cc.jpg,images/23056320/left_mlo.jpg,images/23056320/right_cc.jpg,images/23056320/right_mlo.jpg
23058108,B,images/23058108/left_cc.jpg,images/23058108/left_mlo.jpg,images/23058108/right_cc.jpg,images/23058108/right_mlo.jpg
23058732,B,images/23058732/left_cc.jpg,images/23058732/left_mlo.jpg,images/23058732/right_cc.jpg,images/23058732/right_mlo.jpg
23061704,A,images/23061704/left_cc.jpg,images/23061704/left_mlo.jpg,images/23061704/right_cc.jpg,images/23061704/right_mlo.jpg
23061729,B,images/23061729/left_cc.jpg,images/23061729/left_mlo.jpg,images/23061729/right_cc.jpg,images/23061729/right_mlo.jpg
23065372,C,images/23065372/left_cc.jpg,images/23065372/left_mlo.jpg,images/23065372/right_cc.jpg,images/23065372/right_mlo.jpg
23065929,D,images/23065929/left_cc.jpg,images/23065929/left_mlo.jpg,images/23065929/right_cc.jpg,images/23065929/right_mlo.jpg
23066057,D,images/23066057/left_cc.jpg,images/23066057/left_mlo.jpg,images/23066057/right_cc.jpg,images/23066057/right_mlo.jpg
23067832,C,images/23067832/left_cc.jpg,images/23067832/left_mlo.jpg,images/23067832/right_cc.jpg,images/23067832/right_mlo.jpg
23068113,B,images/23068113/left_cc.jpg,images/23068113/left_mlo.jpg,images/23068113/right_cc.jpg,images/23068113/right_mlo.jpg
23069653,B,images/23069653/left_cc.jpg,images/23069653/left_mlo.jpg,images/23069653/right_cc.jpg,images/23069653/right_mlo.jpg
23072967,D,images/23072967/left_cc.jpg,images/23072967/left_mlo.jpg,images/23072967/right_cc.jpg,images/23072967/right_mlo.jpg
23077673,C,images/23077673/left_cc.jpg,images/23077673/left_mlo.jpg,images/23077673/right_cc.jpg,images/23077673/right_mlo.jpg
23077993,C,images/23077993/left_cc.jpg,images/23077993/left_mlo.jpg,images/23077993/right_cc.jpg,images/23077993/right_mlo.jpg
23078128,C,images/23078128/left_cc.jpg,images/23078128/left_mlo.jpg,images/23078128/right_cc.jpg,images/23078128/right_mlo.jpg
23079241,D,images/23079241/left_cc.jpg,images/23079241/left_mlo.jpg,images/23079241/right_cc.jpg,images/23079241/right_mlo.jpg
23079790,B,images/23079790/left_cc.jpg,images/23079790/left_mlo.jpg,images/23079790/right_cc.jpg,images/23079790/right_mlo.jpg
23079791,C,images/23079791/left_cc.jpg,images/23079791/left_mlo.jpg,images/23079791/right_cc.jpg,images/23079791/right_mlo.jpg
23079792,D,images/23079792/left_cc.jpg,images/23079792/left_mlo.jpg,images/23079792/right_cc.jpg,images/23079792/right_mlo.jpg
23079944,C,images/23079944/left_cc.jpg,images/23079944/left_mlo.jpg,images/23079944/right_cc.jpg,images/23079944/right_mlo.jpg
23082362,C,images/23082362/left_cc.jpg,images/23082362/left_mlo.jpg,images/23082362/right_cc.jpg,images/23082362/right_mlo.jpg
23083871,D,images/23083871/left_cc.jpg,images/23083871/left_mlo.jpg,images/23083871/right_cc.jpg,images/23083871/right_mlo.jpg
23086035,C,images/23086035/left_cc.jpg,images/23086035/left_mlo.jpg,images/23086035/right_cc.jpg,images/23086035/right_mlo.jpg
23086337,C,images/23086337/left_cc.jpg,images/23086337/left_mlo.jpg,images/23086337/right_cc.jpg,images/23086337/right_mlo.jpg
23088315,B,images/23088315/left_cc.jpg,images/23088315/left_mlo.jpg,images/23088315/right_cc.jpg,images/23088315/right_mlo.jpg
23091311,C,images/23091311/left_cc.jpg,images/23091311/left_mlo.jpg,images/23091311/right_cc.jpg,images/23091311/right_mlo.jpg
23091785,B,images/23091785/left_cc.jpg,images/23091785/left_mlo.jpg,images/23091785/right_cc.jpg,images/23091785/right_mlo.jpg
23092068,D,images/23092068/left_cc.jpg,images/23092068/left_mlo.jpg,images/23092068/right_cc.jpg,images/23092068/right_mlo.jpg
23093834,D,images/23093834/left_cc.jpg,images/23093834/left_mlo.jpg,images/23093834/right_cc.jpg,images/23093834/right_mlo.jpg
23093901,D,images/23093901/left_cc.jpg,images/23093901/left_mlo.jpg,images/23093901/right_cc.jpg,images/23093901/right_mlo.jpg
23094190,C,images/23094190/left_cc.jpg,images/23094190/left_mlo.jpg,images/23094190/right_cc.jpg,images/23094190/right_mlo.jpg
23095110,D,images/23095110/left_cc.jpg,images/23095110/left_mlo.jpg,images/23095110/right_cc.jpg,images/23095110/right_mlo.jpg
23100703,C,images/23100703/left_cc.jpg,images/23100703/left_mlo.jpg,images/23100703/right_cc.jpg,images/23100703/right_mlo.jpg
23102015,C,images/23102015/left_cc.jpg,images/23102015/left_mlo.jpg,images/23102015/right_cc.jpg,images/23102015/right_mlo.jpg
23102287,D,images/23102287/left_cc.jpg,images/23102287/left_mlo.jpg,images/23102287/right_cc.jpg,images/23102287/right_mlo.jpg
23103994,C,images/23103994/left_cc.jpg,images/23103994/left_mlo.jpg,images/23103994/right_cc.jpg,images/23103994/right_mlo.jpg
23106624,B,images/23106624/left_cc.jpg,images/23106624/left_mlo.jpg,images/23106624/right_cc.jpg,images/23106624/right_mlo.jpg
23113851,D,images/23113851/left_cc.jpg,images/23113851/left_mlo.jpg,images/23113851/right_cc.jpg,images/23113851/right_mlo.jpg
23114117,D,images/23114117/left_cc.jpg,images/23114117/left_mlo.jpg,images/23114117/right_cc.jpg,images/23114117/right_mlo.jpg
23116598,D,images/23116598/left_cc.jpg,images/23116598/left_mlo.jpg,images/23116598/right_cc.jpg,images/23116598/right_mlo.jpg
23121669,C,images/23121669/left_cc.jpg,images/23121669/left_mlo.jpg,images/23121669/right_cc.jpg,images/23121669/right_mlo.jpg
23123385,D,images/23123385/left_cc.jpg,images/23123385/left_mlo.jpg,images/23123385/right_cc.jpg,images/23123385/right_mlo.jpg
23124125,C,images/23124125/left_cc.jpg,images/23124125/left_mlo.jpg,images/23124125/right_cc.jpg,images/23124125/right_mlo.jpg
23124604,D,images/23124604/left_cc.jpg,images/23124604/left_mlo.jpg,images/23124604/right_cc.jpg,images/23124604/right_mlo.jpg
23126160,C,images/23126160/left_cc.jpg,images/23126160/left_mlo.jpg,images/23126160/right_cc.jpg,images/23126160/right_mlo.jpg
23128092,B,images/23128092/left_cc.jpg,images/23128092/left_mlo.jpg,images/23128092/right_cc.jpg,images/23128092/right_mlo.jpg
23130809,C,images/23130809/left_cc.jpg,images/23130809/left_mlo.jpg,images/23130809/right_cc.jpg,images/23130809/right_mlo.jpg
23131183,C,images/23131183/left_cc.jpg,images/23131183/left_mlo.jpg,images/23131183/right_cc.jpg,images/23131183/right_mlo.jpg
23135022,D,images/23135022/left_cc.jpg,images/23135022/left_mlo.jpg,images/23135022/right_cc.jpg,images/23135022/right_mlo.jpg
23136377,C,images/23136377/left_cc.jpg,images/23136377/left_mlo.jpg,images/23136377/right_cc.jpg,images/23136377/right_mlo.jpg
23137740,D,images/23137740/left_cc.jpg,images/23137740/left_mlo.jpg,images/23137740/right_cc.jpg,images/23137740/right_mlo.jpg
23138360,D,images/23138360/left_cc.jpg,images/23138360/left_mlo.jpg,images/23138360/right_cc.jpg,images/23138360/right_mlo.jpg
23144898,C,images/23144898/left_cc.jpg,images/23144898/left_mlo.jpg,images/23144898/right_cc.jpg,images/23144898/right_mlo.jpg
23147333,D,images/23147333/left_cc.jpg,images/23147333/left_mlo.jpg,images/23147333/right_cc.jpg,images/23147333/right_mlo.jpg
23147587,B,images/23147587/left_cc.jpg,images/23147587/left_mlo.jpg,images/23147587/right_cc.jpg,images/23147587/right_mlo.jpg
23149256,B,images/23149256/left_cc.jpg,images/23149256/left_mlo.jpg,images/23149256/right_cc.jpg,images/23149256/right_mlo.jpg
23149364,B,images/23149364/left_cc.jpg,images/23149364/left_mlo.jpg,images/23149364/right_cc.jpg,images/23149364/right_mlo.jpg
23149906,B,images/23149906/left_cc.jpg,images/23149906/left_mlo.jpg,images/23149906/right_cc.jpg,images/23149906/right_mlo.jpg
23150537,C,images/23150537/left_cc.jpg,images/23150537/left_mlo.jpg,images/23150537/right_cc.jpg,images/23150537/right_mlo.jpg
23151607,D,images/23151607/left_cc.jpg,images/23151607/left_mlo.jpg,images/23151607/right_cc.jpg,images/23151607/right_mlo.jpg
23151664,D,images/23151664/left_cc.jpg,images/23151664/left_mlo.jpg,images/23151664/right_cc.jpg,images/23151664/right_mlo.jpg
23155622,D,images/23155622/left_cc.jpg,images/23155622/left_mlo.jpg,images/23155622/right_cc.jpg,images/23155622/right_mlo.jpg
23156398,C,images/23156398/left_cc.jpg,images/23156398/left_mlo.jpg,images/23156398/right_cc.jpg,images/23156398/right_mlo.jpg
23156854,C,images/23156854/left_cc.jpg,images/23156854/left_mlo.jpg,images/23156854/right_cc.jpg,images/23156854/right_mlo.jpg
23156861,D,images/23156861/left_cc.jpg,images/23156861/left_mlo.jpg,images/23156861/right_cc.jpg,images/23156861/right_mlo.jpg
23158798,C,images/23158798/left_cc.jpg,images/23158798/left_mlo.jpg,images/23158798/right_cc.jpg,images/23158798/right_mlo.jpg
23159219,C,images/23159219/left_cc.jpg,images/23159219/left_mlo.jpg,images/23159219/right_cc.jpg,images/23159219/right_mlo.jpg
23159989,D,images/23159989/left_cc.jpg,images/23159989/left_mlo.jpg,images/23159989/right_cc.jpg,images/23159989/right_mlo.jpg
23161350,C,images/23161350/left_cc.jpg,images/23161350/left_mlo.jpg,images/23161350/right_cc.jpg,images/23161350/right_mlo.jpg
23162425,C,images/23162425/left_cc.jpg,images/23162425/left_mlo.jpg,images/23162425/right_cc.jpg,images/23162425/right_mlo.jpg
23164388,C,images/23164388/left_cc.jpg,images/23164388/left_mlo.jpg,images/23164388/right_cc.jpg,images/23164388/right_mlo.jpg
23169447,C,images/23169447/left_cc.jpg,images/23169447/left_mlo.jpg,images/23169447/right_cc.jpg,images/23169447/right_mlo.jpg
23170208,D,images/23170208/left_cc.jpg,images/23170208/left_mlo.jpg,images/23170208/right_cc.jpg,images/23170208/right_mlo.jpg
23170385,C,images/23170385/left_cc.jpg,images/23170385/left_mlo.jpg,images/23170385/right_cc.jpg,images/23170385/right_mlo.jpg
23171143,D,images/23171143/left_cc.jpg,images/23171143/left_mlo.jpg,images/23171143/right_cc.jpg,images/23171143/right_mlo.jpg
23171187,D,images/23171187/left_cc.jpg,images/23171187/left_mlo.jpg,images/23171187/right_cc.jpg,images/23171187/right_mlo.jpg
23173406,C,images/23173406/left_cc.jpg,images/23173406/left_mlo.jpg,images/23173406/right_cc.jpg,images/23173406/right_mlo.jpg
23176452,D,images/23176452/left_cc.jpg,images/23176452/left_mlo.jpg,images/23176452/right_cc.jpg,images/23176452/right_mlo.jpg
23177849,B,images/23177849/left_cc.jpg,images/23177849/left_mlo.jpg,images/23177849/right_cc.jpg,images/23177849/right_mlo.jpg
23182192,B,images/23182192/left_cc.jpg,images/23182192/left_mlo.jpg,images/23182192/right_cc.jpg,images/23182192/right_mlo.jpg
23182889,C,images/23182889/left_cc.jpg,images/23182889/left_mlo.jpg,images/23182889/right_cc.jpg,images/23182889/right_mlo.jpg
23184021,C,images/23184021/left_cc.jpg,images/23184021/left_mlo.jpg,images/23184021/right_cc.jpg,images/23184021/right_mlo.jpg
23185242,C,images/23185242/left_cc.jpg,images/23185242/left_mlo.jpg,images/23185242/right_cc.jpg,images/23185242/right_mlo.jpg
23185380,C,images/23185380/left_cc.jpg,images/23185380/left_mlo.jpg,images/23185380/right_cc.jpg,images/23185380/right_mlo.jpg
23185403,C,images/23185403/left_cc.jpg,images/23185403/left_mlo.jpg,images/23185403/right_cc.jpg,images/23185403/right_mlo.jpg
23186352,C,images/23186352/left_cc.jpg,images/23186352/left_mlo.jpg,images/23186352/right_cc.jpg,images/23186352/right_mlo.jpg
23187479,B,images/23187479/left_cc.jpg,images/23187479/left_mlo.jpg,images/23187479/right_cc.jpg,images/23187479/right_mlo.jpg
23187858,D,images/23187858/left_cc.jpg,images/23187858/left_mlo.jpg,images/23187858/right_cc.jpg,images/23187858/right_mlo.jpg
23192519,C,images/23192519/left_cc.jpg,images/23192519/left_mlo.jpg,images/23192519/right_cc.jpg,images/23192519/right_mlo.jpg
23192980,D,images/23192980/left_cc.jpg,images/23192980/left_mlo.jpg,images/23192980/right_cc.jpg,images/23192980/right_mlo.jpg
23193649,B,images/23193649/left_cc.jpg,images/23193649/left_mlo.jpg,images/23193649/right_cc.jpg,images/23193649/right_mlo.jpg
23195643,D,images/23195643/left_cc.jpg,images/23195643/left_mlo.jpg,images/23195643/right_cc.jpg,images/23195643/right_mlo.jpg
23199914,C,images/23199914/left_cc.jpg,images/23199914/left_mlo.jpg,images/23199914/right_cc.jpg,images/23199914/right_mlo.jpg
23201408,A,images/23201408/left_cc.jpg,images/23201408/left_mlo.jpg,images/23201408/right_cc.jpg,images/23201408/right_mlo.jpg
23202295,D,images/23202295/left_cc.jpg,images/23202295/left_mlo.jpg,images/23202295/right_cc.jpg,images/23202295/right_mlo.jpg
23207166,B,images/23207166/left_cc.jpg,images/23207166/left_mlo.jpg,images/23207166/right_cc.jpg,images/23207166/right_mlo.jpg
23209030,C,images/23209030/left_cc.jpg,images/23209030/left_mlo.jpg,images/23209030/right_cc.jpg,images/23209030/right_mlo.jpg
23209664,D,images/23209664/left_cc.jpg,images/23209664/left_mlo.jpg,images/23209664/right_cc.jpg,images/23209664/right_mlo.jpg
23211424,C,images/23211424/left_cc.jpg,images/23211424/left_mlo.jpg,images/23211424/right_cc.jpg,images/23211424/right_mlo.jpg
23213760,C,images/23213760/left_cc.jpg,images/23213760/left_mlo.jpg,images/23213760/right_cc.jpg,images/23213760/right_mlo.jpg
23217891,C,images/23217891/left_cc.jpg,images/23217891/left_mlo.jpg,images/23217891/right_cc.jpg,images/23217891/right_mlo.jpg
23219783,C,images/23219783/left_cc.jpg,images/23219783/left_mlo.jpg,images/23219783/right_cc.jpg,images/23219783/right_mlo.jpg
23220447,D,images/23220447/left_cc.jpg,images/23220447/left_mlo.jpg,images/23220447/right_cc.jpg,images/23220447/right_mlo.jpg
23220649,C,images/23220649/left_cc.jpg,images/23220649/left_mlo.jpg,images/23220649/right_cc.jpg,images/23220649/right_mlo.jpg
23220864,B,images/23220864/left_cc.jpg,images/23220864/left_mlo.jpg,images/23220864/right_cc.jpg,images/23220864/right_mlo.jpg
23226119,C,images/23226119/left_cc.jpg,images/23226119/left_mlo.jpg,images/23226119/right_cc.jpg,images/23226119/right_mlo.jpg
23235834,C,images/23235834/left_cc.jpg,images/23235834/left_mlo.jpg,images/23235834/right_cc.jpg,images/23235834/right_mlo.jpg
23237576,D,images/23237576/left_cc.jpg,images/23237576/left_mlo.jpg,images/23237576/right_cc.jpg,images/23237576/right_mlo.jpg
23238707,B,images/23238707/left_cc.jpg,images/23238707/left_mlo.jpg,images/23238707/right_cc.jpg,images/23238707/right_mlo.jpg
23238869,C,images/23238869/left_cc.jpg,images/23238869/left_mlo.jpg,images/23238869/right_cc.jpg,images/23238869/right_mlo.jpg
23241536,A,images/23241536/left_cc.jpg,images/23241536/left_mlo.jpg,images/23241536/right_cc.jpg,images/23241536/right_mlo.jpg
23243937,D,images/23243937/left_cc.jpg,images/23243937/left_mlo.jpg,images/23243937/right_cc.jpg,images/23243937/right_mlo.jpg
23245535,C,images/23245535/left_cc.jpg,images/23245535/left_mlo.jpg,images/23245535/right_cc.jpg,images/23245535/right_mlo.jpg
23246407,C,images/23246407/left_cc.jpg,images/23246407/left_mlo.jpg,images/23246407/right_cc.jpg,images/23246407/right_mlo.jpg
23248082,C,images/23248082/left_cc.jpg,images/23248082/left_mlo.jpg,images/23248082/right_cc.jpg,images/23248082/right_mlo.jpg
23251673,C,images/23251673/left_cc.jpg,images/23251673/left_mlo.jpg,images/23251673/right_cc.jpg,images/23251673/right_mlo.jpg
23252579,D,images/23252579/left_cc.jpg,images/23252579/left_mlo.jpg,images/23252579/right_cc.jpg,images/23252579/right_mlo.jpg
23253283,C,images/23253283/left_cc.jpg,images/23253283/left_mlo.jpg,images/23253283/right_cc.jpg,images/23253283/right_mlo.jpg
23258734,B,images/23258734/left_cc.jpg,images/23258734/left_mlo.jpg,images/23258734/right_cc.jpg,images/23258734/right_mlo.jpg
23262024,B,images/23262024/left_cc.jpg,images/23262024/left_mlo.jpg,images/23262024/right_cc.jpg,images/23262024/right_mlo.jpg
23265693,C,images/23265693/left_cc.jpg,images/23265693/left_mlo.jpg,images/23265693/right_cc.jpg,images/23265693/right_mlo.jpg
23266567,C,images/23266567/left_cc.jpg,images/23266567/left_mlo.jpg,images/23266567/right_cc.jpg,images/23266567/right_mlo.jpg
23271111,C,images/23271111/left_cc.jpg,images/23271111/left_mlo.jpg,images/23271111/right_cc.jpg,images/23271111/right_mlo.jpg
23271112,C,images/23271112/left_cc.jpg,images/23271112/left_mlo.jpg,images/23271112/right_cc.jpg,images/23271112/right_mlo.jpg
23271113,C,images/23271113/left_cc.jpg,images/23271113/left_mlo.jpg,images/23271113/right_cc.jpg,images/23271113/right_mlo.jpg
23271114,D,images/23271114/left_cc.jpg,images/23271114/left_mlo.jpg,images/23271114/right_cc.jpg,images/23271114/right_mlo.jpg
23271115,D,images/23271115/left_cc.jpg,images/23271115/left_mlo.jpg,images/23271115/right_cc.jpg,images/23271115/right_mlo.jpg
23271118,D,images/23271118/left_cc.jpg,images/23271118/left_mlo.jpg,images/23271118/right_cc.jpg,images/23271118/right_mlo.jpg
23271124,C,images/23271124/left_cc.jpg,images/23271124/left_mlo.jpg,images/23271124/right_cc.jpg,images/23271124/right_mlo.jpg
23271125,C,images/23271125/left_cc.jpg,images/23271125/left_mlo.jpg,images/23271125/right_cc.jpg,images/23271125/right_mlo.jpg
23271126,B,images/23271126/left_cc.jpg,images/23271126/left_mlo.jpg,images/23271126/right_cc.jpg,images/23271126/right_mlo.jpg
23271128,D,images/23271128/left_cc.jpg,images/23271128/left_mlo.jpg,images/23271128/right_cc.jpg,images/23271128/right_mlo.jpg
23271138,C,images/23271138/left_cc.jpg,images/23271138/left_mlo.jpg,images/23271138/right_cc.jpg,images/23271138/right_mlo.jpg
23271140,C,images/23271140/left_cc.jpg,images/23271140/left_mlo.jpg,images/23271140/right_cc.jpg,images/23271140/right_mlo.jpg
23271141,D,images/23271141/left_cc.jpg,images/23271141/left_mlo.jpg,images/23271141/right_cc.jpg,images/23271141/right_mlo.jpg
23271142,D,images/23271142/left_cc.jpg,images/23271142/left_mlo.jpg,images/23271142/right_cc.jpg,images/23271142/right_mlo.jpg
23271144,C,images/23271144/left_cc.jpg,images/23271144/left_mlo.jpg,images/23271144/right_cc.jpg,images/23271144/right_mlo.jpg
23271145,B,images/23271145/left_cc.jpg,images/23271145/left_mlo.jpg,images/23271145/right_cc.jpg,images/23271145/right_mlo.jpg
23271150,D,images/23271150/left_cc.jpg,images/23271150/left_mlo.jpg,images/23271150/right_cc.jpg,images/23271150/right_mlo.jpg
23271152,C,images/23271152/left_cc.jpg,images/23271152/left_mlo.jpg,images/23271152/right_cc.jpg,images/23271152/right_mlo.jpg
23271153,B,images/23271153/left_cc.jpg,images/23271153/left_mlo.jpg,images/23271153/right_cc.jpg,images/23271153/right_mlo.jpg
23271154,C,images/23271154/left_cc.jpg,images/23271154/left_mlo.jpg,images/23271154/right_cc.jpg,images/23271154/right_mlo.jpg
23274051,D,images/23274051/left_cc.jpg,images/23274051/left_mlo.jpg,images/23274051/right_cc.jpg,images/23274051/right_mlo.jpg
23275849,C,images/23275849/left_cc.jpg,images/23275849/left_mlo.jpg,images/23275849/right_cc.jpg,images/23275849/right_mlo.jpg
23281635,A,images/23281635/left_cc.jpg,images/23281635/left_mlo.jpg,images/23281635/right_cc.jpg,images/23281635/right_mlo.jpg
23285190,C,images/23285190/left_cc.jpg,images/23285190/left_mlo.jpg,images/23285190/right_cc.jpg,images/23285190/right_mlo.jpg
23286851,D,images/23286851/left_cc.jpg,images/23286851/left_mlo.jpg,images/23286851/right_cc.jpg,images/23286851/right_mlo.jpg
23289412,B,images/23289412/left_cc.jpg,images/23289412/left_mlo.jpg,images/23289412/right_cc.jpg,images/23289412/right_mlo.jpg
23311222,C,images/23311222/left_cc.jpg,images/23311222/left_mlo.jpg,images/23311222/right_cc.jpg,images/23311222/right_mlo.jpg
23315823,D,images/23315823/left_cc.jpg,images/23315823/left_mlo.jpg,images/23315823/right_cc.jpg,images/23315823/right_mlo.jpg
23901138,B,images/23901138/left_cc.jpg,images/23901138/left_mlo.jpg,images/23901138/right_cc.jpg,images/23901138/right_mlo.jpg
23903650,B,images/23903650/left_cc.jpg,images/23903650/left_mlo.jpg,images/23903650/right_cc.jpg,images/23903650/right_mlo.jpg
23907238,D,images/23907238/left_cc.jpg,images/23907238/left_mlo.jpg,images/23907238/right_cc.jpg,images/23907238/right_mlo.jpg
23919447,C,images/23919447/left_cc.jpg,images/23919447/left_mlo.jpg,images/23919447/right_cc.jpg,images/23919447/right_mlo.jpg
23923222,B,images/23923222/left_cc.jpg,images/23923222/left_mlo.jpg,images/23923222/right_cc.jpg,images/23923222/right_mlo.jpg
23925463,C,images/23925463/left_cc.jpg,images/23925463/left_mlo.jpg,images/23925463/right_cc.jpg,images/23925463/right_mlo.jpg
23926225,C,images/23926225/left_cc.jpg,images/23926225/left_mlo.jpg,images/23926225/right_cc.jpg,images/23926225/right_mlo.jpg
23928213,D,images/23928213/left_cc.jpg,images/23928213/left_mlo.jpg,images/23928213/right_cc.jpg,images/23928213/right_mlo.jpg
23929113,C,images/23929113/left_cc.jpg,images/23929113/left_mlo.jpg,images/23929113/right_cc.jpg,images/23929113/right_mlo.jpg
23936742,D,images/23936742/left_cc.jpg,images/23936742/left_mlo.jpg,images/23936742/right_cc.jpg,images/23936742/right_mlo.jpg
23937548,D,images/23937548/left_cc.jpg,images/23937548/left_mlo.jpg,images/23937548/right_cc.jpg,images/23937548/right_mlo.jpg
23939934,C,images/23939934/left_cc.jpg,images/23939934/left_mlo.jpg,images/23939934/right_cc.jpg,images/23939934/right_mlo.jpg
24002506,D,images/24002506/left_cc.jpg,images/24002506/left_mlo.jpg,images/24002506/right_cc.jpg,images/24002506/right_mlo.jpg
24004091,C,images/24004091/left_cc.jpg,images/24004091/left_mlo.jpg,images/24004091/right_cc.jpg,images/24004091/right_mlo.jpg
24004844,B,images/24004844/left_cc.jpg,images/24004844/left_mlo.jpg,images/24004844/right_cc.jpg,images/24004844/right_mlo.jpg
24005011,C,images/24005011/left_cc.jpg,images/24005011/left_mlo.jpg,images/24005011/right_cc.jpg,images/24005011/right_mlo.jpg
24008708,D,images/24008708/left_cc.jpg,images/24008708/left_mlo.jpg,images/24008708/right_cc.jpg,images/24008708/right_mlo.jpg
24012737,C,images/24012737/left_cc.jpg,images/24012737/left_mlo.jpg,images/24012737/right_cc.jpg,images/24012737/right_mlo.jpg
24013402,B,images/24013402/left_cc.jpg,images/24013402/left_mlo.jpg,images/24013402/right_cc.jpg,images/24013402/right_mlo.jpg
24013628,A,images/24013628/left_cc.jpg,images/24013628/left_mlo.jpg,images/24013628/right_cc.jpg,images/24013628/right_mlo.jpg
24017555,B,images/24017555/left_cc.jpg,images/24017555/left_mlo.jpg,images/24017555/right_cc.jpg,images/24017555/right_mlo.jpg
24017582,B,images/24017582/left_cc.jpg,images/24017582/left_mlo.jpg,images/24017582/right_cc.jpg,images/24017582/right_mlo.jpg
24019213,D,images/24019213/left_cc.jpg,images/24019213/left_mlo.jpg,images/24019213/right_cc.jpg,images/24019213/right_mlo.jpg
24019531,D,images/24019531/left_cc.jpg,images/24019531/left_mlo.jpg,images/24019531/right_cc.jpg,images/24019531/right_mlo.jpg
24022019,D,images/24022019/left_cc.jpg,images/24022019/left_mlo.jpg,images/24022019/right_cc.jpg,images/24022019/right_mlo.jpg
24022036,B,images/24022036/left_cc.jpg,images/24022036/left_mlo.jpg,images/24022036/right_cc.jpg,images/24022036/right_mlo.jpg
24024934,C,images/24024934/left_cc.jpg,images/24024934/left_mlo.jpg,images/24024934/right_cc.jpg,images/24024934/right_mlo.jpg
24030332,C,images/24030332/left_cc.jpg,images/24030332/left_mlo.jpg,images/24030332/right_cc.jpg,images/24030332/right_mlo.jpg
24033713,D,images/24033713/left_cc.jpg,images/24033713/left_mlo.jpg,images/24033713/right_cc.jpg,images/24033713/right_mlo.jpg
24033745,A,images/24033745/left_cc.jpg,images/24033745/left_mlo.jpg,images/24033745/right_cc.jpg,images/24033745/right_mlo.jpg
24042195,C,images/24042195/left_cc.jpg,images/24042195/left_mlo.jpg,images/24042195/right_cc.jpg,images/24042195/right_mlo.jpg
24042628,D,images/24042628/left_cc.jpg,images/24042628/left_mlo.jpg,images/24042628/right_cc.jpg,images/24042628/right_mlo.jpg
24043186,C,images/24043186/left_cc.jpg,images/24043186/left_mlo.jpg,images/24043186/right_cc.jpg,images/24043186/right_mlo.jpg
24043998,D,images/24043998/left_cc.jpg,images/24043998/left_mlo.jpg,images/24043998/right_cc.jpg,images/24043998/right_mlo.jpg
24044194,B,images/24044194/left_cc.jpg,images/24044194/left_mlo.jpg,images/24044194/right_cc.jpg,images/24044194/right_mlo.jpg
24044492,B,images/24044492/left_cc.jpg,images/24044492/left_mlo.jpg,images/24044492/right_cc.jpg,images/24044492/right_mlo.jpg
24044624,C,images/24044624/left_cc.jpg,images/24044624/left_mlo.jpg,images/24044624/right_cc.jpg,images/24044624/right_mlo.jpg
24045725,C,images/24045725/left_cc.jpg,images/24045725/left_mlo.jpg,images/24045725/right_cc.jpg,images/24045725/right_mlo.jpg
24049625,C,images/24049625/left_cc.jpg,images/24049625/left_mlo.jpg,images/24049625/right_cc.jpg,images/24049625/right_mlo.jpg
24051025,D,images/24051025/left_cc.jpg,images/24051025/left_mlo.jpg,images/24051025/right_cc.jpg,images/24051025/right_mlo.jpg
24051251,D,images/24051251/left_cc.jpg,images/24051251/left_mlo.jpg,images/24051251/right_cc.jpg,images/24051251/right_mlo.jpg
24051452,C,images/24051452/left_cc.jpg,images/24051452/left_mlo.jpg,images/24051452/right_cc.jpg,images/24051452/right_mlo.jpg
24051661,D,images/24051661/left_cc.jpg,images/24051661/left_mlo.jpg,images/24051661/right_cc.jpg,images/24051661/right_mlo.jpg
24052590,D,images/24052590/left_cc.jpg,images/24052590/left_mlo.jpg,images/24052590/right_cc.jpg,images/24052590/right_mlo.jpg
24052640,B,images/24052640/left_cc.jpg,images/24052640/left_mlo.jpg,images/24052640/right_cc.jpg,images/24052640/right_mlo.jpg
24053619,C,images/24053619/left_cc.jpg,images/24053619/left_mlo.jpg,images/24053619/right_cc.jpg,images/24053619/right_mlo.jpg
24056630,D,images/24056630/left_cc.jpg,images/24056630/left_mlo.jpg,images/24056630/right_cc.jpg,images/24056630/right_mlo.jpg
24063353,D,images/24063353/left_cc.jpg,images/24063353/left_mlo.jpg,images/24063353/right_cc.jpg,images/24063353/right_mlo.jpg
24063453,C,images/24063453/left_cc.jpg,images/24063453/left_mlo.jpg,images/24063453/right_cc.jpg,images/24063453/right_mlo.jpg
24063987,B,images/24063987/left_cc.jpg,images/24063987/left_mlo.jpg,images/24063987/right_cc.jpg,images/24063987/right_mlo.jpg
24064290,D,images/24064290/left_cc.jpg,images/24064290/left_mlo.jpg,images/24064290/right_cc.jpg,images/24064290/right_mlo.jpg
24065140,D,images/24065140/left_cc.jpg,images/24065140/left_mlo.jpg,images/24065140/right_cc.jpg,images/24065140/right_mlo.jpg
24066257,B,images/24066257/left_cc.jpg,images/24066257/left_mlo.jpg,images/24066257/right_cc.jpg,images/24066257/right_mlo.jpg
24066292,B,images/24066292/left_cc.jpg,images/24066292/left_mlo.jpg,images/24066292/right_cc.jpg,images/24066292/right_mlo.jpg
24067420,B,images/24067420/left_cc.jpg,images/24067420/left_mlo.jpg,images/24067420/right_cc.jpg,images/24067420/right_mlo.jpg
24068458,D,images/24068458/left_cc.jpg,images/24068458/left_mlo.jpg,images/24068458/right_cc.jpg,images/24068458/right_mlo.jpg
24069321,D,images/24069321/left_cc.jpg,images/24069321/left_mlo.jpg,images/24069321/right_cc.jpg,images/24069321/right_mlo.jpg
24069516,C,images/24069516/left_cc.jpg,images/24069516/left_mlo.jpg,images/24069516/right_cc.jpg,images/24069516/right_mlo.jpg
24069519,C,images/24069519/left_cc.jpg,images/24069519/left_mlo.jpg,images/24069519/right_cc.jpg,images/24069519/right_mlo.jpg
24069804,D,images/24069804/left_cc.jpg,images/24069804/left_mlo.jpg,images/24069804/right_cc.jpg,images/24069804/right_mlo.jpg
24070895,D,images/24070895/left_cc.jpg,images/24070895/left_mlo.jpg,images/24070895/right_cc.jpg,images/24070895/right_mlo.jpg
24070897,C,images/24070897/left_cc.jpg,images/24070897/left_mlo.jpg,images/24070897/right_cc.jpg,images/24070897/right_mlo.jpg
24073086,C,images/24073086/left_cc.jpg,images/24073086/left_mlo.jpg,images/24073086/right_cc.jpg,images/24073086/right_mlo.jpg
24074088,D,images/24074088/left_cc.jpg,images/24074088/left_mlo.jpg,images/24074088/right_cc.jpg,images/24074088/right_mlo.jpg
24075444,D,images/24075444/left_cc.jpg,images/24075444/left_mlo.jpg,images/24075444/right_cc.jpg,images/24075444/right_mlo.jpg
24075999,D,images/24075999/left_cc.jpg,images/24075999/left_mlo.jpg,images/24075999/right_cc.jpg,images/24075999/right_mlo.jpg
24076005,C,images/24076005/left_cc.jpg,images/24076005/left_mlo.jpg,images/24076005/right_cc.jpg,images/24076005/right_mlo.jpg
24078233,D,images/24078233/left_cc.jpg,images/24078233/left_mlo.jpg,images/24078233/right_cc.jpg,images/24078233/right_mlo.jpg
24079159,C,images/24079159/left_cc.jpg,images/24079159/left_mlo.jpg,images/24079159/right_cc.jpg,images/24079159/right_mlo.jpg
24079550,B,images/24079550/left_cc.jpg,images/24079550/left_mlo.jpg,images/24079550/right_cc.jpg,images/24079550/right_mlo.jpg
24079581,D,images/24079581/left_cc.jpg,images/24079581/left_mlo.jpg,images/24079581/right_cc.jpg,images/24079581/right_mlo.jpg
24081889,C,images/24081889/left_cc.jpg,images/24081889/left_mlo.jpg,images/24081889/right_cc.jpg,images/24081889/right_mlo.jpg
24082180,B,images/24082180/left_cc.jpg,images/24082180/left_mlo.jpg,images/24082180/right_cc.jpg,images/24082180/right_mlo.jpg
24083211,D,images/24083211/left_cc.jpg,images/24083211/left_mlo.jpg,images/24083211/right_cc.jpg,images/24083211/right_mlo.jpg
24084235,C,images/24084235/left_cc.jpg,images/24084235/left_mlo.jpg,images/24084235/right_cc.jpg,images/24084235/right_mlo.jpg
24084453,C,images/24084453/left_cc.jpg,images/24084453/left_mlo.jpg,images/24084453/right_cc.jpg,images/24084453/right_mlo.jpg
24087692,B,images/24087692/left_cc.jpg,images/24087692/left_mlo.jpg,images/24087692/right_cc.jpg,images/24087692/right_mlo.jpg
24089646,D,images/24089646/left_cc.jpg,images/24089646/left_mlo.jpg,images/24089646/right_cc.jpg,images/24089646/right_mlo.jpg
24090107,B,images/24090107/left_cc.jpg,images/24090107/left_mlo.jpg,images/24090107/right_cc.jpg,images/24090107/right_mlo.jpg
24092530,C,images/24092530/left_cc.jpg,images/24092530/left_mlo.jpg,images/24092530/right_cc.jpg,images/24092530/right_mlo.jpg
24092532,D,images/24092532/left_cc.jpg,images/24092532/left_mlo.jpg,images/24092532/right_cc.jpg,images/24092532/right_mlo.jpg
24092535,C,images/24092535/left_cc.jpg,images/24092535/left_mlo.jpg,images/24092535/right_cc.jpg,images/24092535/right_mlo.jpg
24092549,C,images/24092549/left_cc.jpg,images/24092549/left_mlo.jpg,images/24092549/right_cc.jpg,images/24092549/right_mlo.jpg
24092551,D,images/24092551/left_cc.jpg,images/24092551/left_mlo.jpg,images/24092551/right_cc.jpg,images/24092551/right_mlo.jpg
24092555,D,images/24092555/left_cc.jpg,images/24092555/left_mlo.jpg,images/24092555/right_cc.jpg,images/24092555/right_mlo.jpg
24092556,D,images/24092556/left_cc.jpg,images/24092556/left_mlo.jpg,images/24092556/right_cc.jpg,images/24092556/right_mlo.jpg
24092566,D,images/24092566/left_cc.jpg,images/24092566/left_mlo.jpg,images/24092566/right_cc.jpg,images/24092566/right_mlo.jpg
24092567,B,images/24092567/left_cc.jpg,images/24092567/left_mlo.jpg,images/24092567/right_cc.jpg,images/24092567/right_mlo.jpg
24092574,D,images/24092574/left_cc.jpg,images/24092574/left_mlo.jpg,images/24092574/right_cc.jpg,images/24092574/right_mlo.jpg
24092588,B,images/24092588/left_cc.jpg,images/24092588/left_mlo.jpg,images/24092588/right_cc.jpg,images/24092588/right_mlo.jpg
24092589,C,images/24092589/left_cc.jpg,images/24092589/left_mlo.jpg,images/24092589/right_cc.jpg,images/24092589/right_mlo.jpg
24092599,C,images/24092599/left_cc.jpg,images/24092599/left_mlo.jpg,images/24092599/right_cc.jpg,images/24092599/right_mlo.jpg
24092626,C,images/24092626/left_cc.jpg,images/24092626/left_mlo.jpg,images/24092626/right_cc.jpg,images/24092626/right_mlo.jpg
24092631,B,images/24092631/left_cc.jpg,images/24092631/left_mlo.jpg,images/24092631/right_cc.jpg,images/24092631/right_mlo.jpg
24092641,C,images/24092641/left_cc.jpg,images/24092641/left_mlo.jpg,images/24092641/right_cc.jpg,images/24092641/right_mlo.jpg
24092642,C,images/24092642/left_cc.jpg,images/24092642/left_mlo.jpg,images/24092642/right_cc.jpg,images/24092642/right_mlo.jpg
24092648,D,images/24092648/left_cc.jpg,images/24092648/left_mlo.jpg,images/24092648/right_cc.jpg,images/24092648/right_mlo.jpg
24092661,C,images/24092661/left_cc.jpg,images/24092661/left_mlo.jpg,images/24092661/right_cc.jpg,images/24092661/right_mlo.jpg
24092673,B,images/24092673/left_cc.jpg,images/24092673/left_mlo.jpg,images/24092673/right_cc.jpg,images/24092673/right_mlo.jpg
24092697,D,images/24092697/left_cc.jpg,images/24092697/left_mlo.jpg,images/24092697/right_cc.jpg,images/24092697/right_mlo.jpg
24092710,C,images/24092710/left_cc.jpg,images/24092710/left_mlo.jpg,images/24092710/right_cc.jpg,images/24092710/right_mlo.jpg
24097434,C,images/24097434/left_cc.jpg,images/24097434/left_mlo.jpg,images/24097434/right_cc.jpg,images/24097434/right_mlo.jpg
24098037,D,images/24098037/left_cc.jpg,images/24098037/left_mlo.jpg,images/24098037/right_cc.jpg,images/24098037/right_mlo.jpg
24098133,D,images/24098133/left_cc.jpg,images/24098133/left_mlo.jpg,images/24098133/right_cc.jpg,images/24098133/right_mlo.jpg
24098620,C,images/24098620/left_cc.jpg,images/24098620/left_mlo.jpg,images/24098620/right_cc.jpg,images/24098620/right_mlo.jpg
24100985,D,images/24100985/left_cc.jpg,images/24100985/left_mlo.jpg,images/24100985/right_cc.jpg,images/24100985/right_mlo.jpg
24101713,D,images/24101713/left_cc.jpg,images/24101713/left_mlo.jpg,images/24101713/right_cc.jpg,images/24101713/right_mlo.jpg
24103204,D,images/24103204/left_cc.jpg,images/24103204/left_mlo.jpg,images/24103204/right_cc.jpg,images/24103204/right_mlo.jpg
24103256,D,images/24103256/left_cc.jpg,images/24103256/left_mlo.jpg,images/24103256/right_cc.jpg,images/24103256/right_mlo.jpg
24103325,D,images/24103325/left_cc.jpg,images/24103325/left_mlo.jpg,images/24103325/right_cc.jpg,images/24103325/right_mlo.jpg
24103426,B,images/24103426/left_cc.jpg,images/24103426/left_mlo.jpg,images/24103426/right_cc.jpg,images/24103426/right_mlo.jpg
24103546,C,images/24103546/left_cc.jpg,images/24103546/left_mlo.jpg,images/24103546/right_cc.jpg,images/24103546/right_mlo.jpg
24103601,C,images/24103601/left_cc.jpg,images/24103601/left_mlo.jpg,images/24103601/right_cc.jpg,images/24103601/right_mlo.jpg
24112486,B,images/24112486/left_cc.jpg,images/24112486/left_mlo.jpg,images/24112486/right_cc.jpg,images/24112486/right_mlo.jpg
24112891,D,images/24112891/left_cc.jpg,images/24112891/left_mlo.jpg,images/24112891/right_cc.jpg,images/24112891/right_mlo.jpg
24115930,B,images/24115930/left_cc.jpg,images/24115930/left_mlo.jpg,images/24115930/right_cc.jpg,images/24115930/right_mlo.jpg
24116501,D,images/24116501/left_cc.jpg,images/24116501/left_mlo.jpg,images/24116501/right_cc.jpg,images/24116501/right_mlo.jpg
24116959,D,images/24116959/left_cc.jpg,images/24116959/left_mlo.jpg,images/24116959/right_cc.jpg,images/24116959/right_mlo.jpg
24117967,C,images/24117967/left_cc.jpg,images/24117967/left_mlo.jpg,images/24117967/right_cc.jpg,images/24117967/right_mlo.jpg
24908157,C,images/24908157/left_cc.jpg,images/24908157/left_mlo.jpg,images/24908157/right_cc.jpg,images/24908157/right_mlo.jpg
24919656,C,images/24919656/left_cc.jpg,images/24919656/left_mlo.jpg,images/24919656/right_cc.jpg,images/24919656/right_mlo.jpg
26111976,D,images/26111976/left_cc.jpg,images/26111976/left_mlo.jpg,images/26111976/right_cc.jpg,images/26111976/right_mlo.jpg
28111988,C,images/28111988/left_cc.jpg,images/28111988/left_mlo.jpg,images/28111988/right_cc.jpg,images/28111988/right_mlo.jpg
29011975,C,images/29011975/left_cc.jpg,images/29011975/left_mlo.jpg,images/29011975/right_cc.jpg,images/29011975/right_mlo.jpg
31101979,C,images/31101979/left_cc.jpg,images/31101979/left_mlo.jpg,images/31101979/right_cc.jpg,images/31101979/right_mlo.jpg
